"sentence","word_labels"
"10 minutes before the end of cooking, get a few ladles of broth (one at a time) and wet the couscous semolina.","O,O,O,O,O,O,O,O,O,O,O,O,O,O,O,O,O,O,O,O,O,O,O,O,U-FOOD,O"
"1 hour before it is ready (or when you can't see water above the rice), add the garlic.","O,O,O,O,O,O,O,O,O,O,O,O,O,O,O,O,U-FOOD,O,O,O,O,U-FOOD,O"
"24h after soaking, boil the beans during 5 minutes and rince to clean up impurities.","O,O,O,O,O,O,U-FOOD,O,O,O,O,O,O,O,O,O,O"
"3/4 of an inch thick","O,O,O,O,O"
"3 min on each side)","O,O,O,O,O,O"
"3 minutes.","O,O,O"
"5""x9""), and add above mix.","O,O,O,O,O,O,O,O,O"
"6/180°, take the baking sheet out of the oven and line it with aluminum foil.","O,O,O,O,O,O,O,O,O,O,O,O,O,O,O,O,O,O"
"About 20 minutes before it is to be done take the chopped greens and put them in the soup.","O,O,O,O,O,O,O,O,O,O,O,O,U-FOOD,O,O,O,O,O,O,O"
"About 3-5 minutes before removing the potatoes from the heat, add some","O,O,O,O,O,O,O,O,U-FOOD,O,O,O,O,O,O"
"About every 30 minutes, perform a stretch and fold.","O,O,O,O,O,O,O,O,O,O,O"
"About ten minutes before removing the potatoes from the boiling water, cut","O,O,O,O,O,O,U-FOOD,O,O,O,U-FOOD,O,O"
"Act fast! As the eggs start cooking, prepare a plate with two handfuls of chopped green onion and Tabasco.","O,O,O,O,O,U-FOOD,O,O,O,O,O,O,O,O,O,O,O,B-FOOD,L-FOOD,O,U-FOOD,O"
"Add 0.5 L (0.13 gal) of boiling water.","O,O,O,O,O,O,O,O,O,U-FOOD,O"
"Add 1½-2 tsp of salt and a little bit of ground black pepper.","O,O,O,O,U-FOOD,O,O,O,O,O,O,B-FOOD,L-FOOD,O"
"Add 1 1/2 cup water and 1/4 tsp salt to a medium pot.","O,O,O,O,U-FOOD,O,O,O,U-FOOD,O,O,O,O,O"
"Add 1 1/4 cups water and bring to a boil over high heat.","O,O,O,O,U-FOOD,O,O,O,O,O,O,O,O,O"
"Add 1 1/4 cup water and 1/4 tsp salt to a medium pot.","O,O,O,O,U-FOOD,O,O,O,U-FOOD,O,O,O,O,O"
"Add ½ cup (120ml) of oil into a large pan.","O,O,O,O,O,O,O,U-FOOD,O,O,O,O,O"
"add 1/2 cup to 1 cup (250-500 mL) water or broth","O,O,O,O,O,O,O,O,O,O,O,O,U-FOOD,O,O"
"Add 1/2 of the Holy Trinity, cook until the vegetables are tender.","O,O,O,O,O,O,O,O,O,O,O,O,O,O"
"Add 1-2 tbsp of oil to the skillet (enough to evenly coat the skillet), and bring to heat","O,O,O,O,O,O,U-FOOD,O,O,O,O,O,O,O,O,O,O,O,O,O,O,O,O"
"Add 1/2 Tbsp oil, ginger and rice.","O,O,O,U-FOOD,O,U-FOOD,O,U-FOOD,O"
"Add 1/2 Tbsp oil, peppers, and celery.","O,O,O,U-FOOD,O,U-FOOD,O,O,U-FOOD,O"
"Add 1/2 tsp oil, then the chicken.","O,O,O,U-FOOD,O,O,O,U-FOOD,O"
"Add 1/4 cup of hoisin sauce and stir to combine.","O,O,O,O,B-FOOD,L-FOOD,O,O,O,O,O"
"Add 150 ml of water to a small pan and bring it to boil.","O,O,O,O,U-FOOD,O,O,O,O,O,O,O,O,O,O"
"Add 1 cup broth from the medium pot to the pan with rice.","O,O,O,O,O,O,O,O,O,O,O,O,U-FOOD,O"
"Add 1 tbsp of sesame oil for every cup of mayonnaise you use.","O,O,O,O,B-FOOD,L-FOOD,O,O,O,O,U-FOOD,O,O,O"
"Add 1 Tbsp oil, then onion and peppers.","O,O,O,U-FOOD,O,O,U-FOOD,O,U-FOOD,O"
"Add 1 teaspoon of flour into a saucepan.","O,O,O,O,U-FOOD,O,O,O,O"
"Add 1 teaspoon of salt to taste.","O,O,O,O,U-FOOD,O,O,O"
"Add 2/3 cardamom pods, 1 small cinnamon stick, and 1 bayleaf into the hot oil.","O,O,U-FOOD,O,O,O,O,U-FOOD,O,O,O,O,U-FOOD,O,O,O,U-FOOD,O"
"add 2 glasses of dry white wine","O,O,O,O,O,B-FOOD,L-FOOD"
"Add 2 parts mayonnaise to 1 part chili sauce in a bowl.","O,O,O,U-FOOD,O,O,O,B-FOOD,L-FOOD,O,O,O,O"
"Add 3/4 of the cheese","O,O,O,O,U-FOOD"
"Add 3/4 of tomato sauce","O,O,O,B-FOOD,L-FOOD"
"Add 3 tablespoons of balsamic vinegar to the oven dish.","O,O,O,O,B-FOOD,L-FOOD,O,O,O,O,O"
"Add 3 tablespoons of oil to the oven dish and toss to cover everything in oil","O,O,O,O,U-FOOD,O,O,O,O,O,O,O,O,O,O,U-FOOD"
"add 400g minus however much water was used to activate the yeast)","O,O,O,O,O,O,U-FOOD,O,O,O,O,O,U-FOOD,O"
"Add 4 cups of water and stir.","O,O,O,O,U-FOOD,O,O,O"
"Add 4l of water to the tea concentrate and pour into a wide mouthed jar.","O,O,O,U-FOOD,O,O,U-FOOD,O,O,O,O,O,O,O,O,O"
"Add 4 Tbsp Ketchup and stir fry for 30 seconds then transfer to the soup pot to continue cooking with the potatoes.","O,O,O,U-FOOD,O,O,O,O,O,O,O,O,O,O,O,O,O,O,O,O,O,U-FOOD,O"
"Add 500 ml of water diluted with tomato paste, boil for 5 minutes.","O,O,O,O,U-FOOD,O,O,U-FOOD,O,O,O,O,O,O,O"
"Add 80% of the cheese and stir until melted in.","O,O,O,O,O,U-FOOD,O,O,O,O,O,O"
"Add 8 cups broth and 2 cups water.","O,O,O,O,O,O,O,U-FOOD,O"
"Add a 1/2 cup of water to the large pot and cook and stir until the water has evaporated","O,O,O,O,O,U-FOOD,O,O,O,O,O,O,O,O,O,O,U-FOOD,O,O"
"Add a bit less sugar if you also used dried fruits.","O,O,O,O,U-FOOD,O,O,O,O,B-FOOD,L-FOOD,O"
"Add about 2 cups of water or to about 800 gm of water in the pot while accounting for water left in the pot (1:2 ratio of rice to water).","O,O,O,O,O,U-FOOD,O,O,O,O,O,O,U-FOOD,O,O,O,O,O,O,U-FOOD,O,O,O,O,O,O,O,O,U-FOOD,O,U-FOOD,O,O"
"add about 400g of toasted bread in pieces","O,O,O,O,O,B-FOOD,L-FOOD,O,O"
"Add about a glass of your whole milk and stir until combined, repeat this process until you have a thick sauce in your pan and new milk you add easily combines.","O,O,O,O,O,O,B-FOOD,L-FOOD,O,O,O,O,O,O,O,O,O,O,O,O,O,O,O,O,O,O,O,U-FOOD,O,O,O,O,O"
"Add about a spoonful of butter evenly on the top.","O,O,O,O,O,U-FOOD,O,O,O,O,O"
"Add Adobo Goya and spread evenly throughout the pork","O,B-FOOD,L-FOOD,O,O,O,O,O,U-FOOD"
"Add a generous amount of salt and pepper to taste along with a tiny pinch of garlic powder and stir (be very conservative with the garlic powder)","O,O,O,O,O,U-FOOD,O,U-FOOD,O,O,O,O,O,O,O,O,B-FOOD,L-FOOD,O,O,O,O,O,O,O,O,B-FOOD,L-FOOD,O"
"Add a generous amount of your preferred grated cheese (Pecorino or Parmigiano) around 35g (you can optionally add a dash of black pepper).","O,O,O,O,O,O,O,B-FOOD,L-FOOD,O,U-FOOD,O,U-FOOD,O,O,O,O,O,O,O,O,O,O,O,O,B-FOOD,L-FOOD,O,O"
"Add a generous pinch of salt and small pinch of pepper","O,O,O,O,O,U-FOOD,O,O,O,O,U-FOOD"
"Add a good amount of virgin olive oil and place one of the small onion pieces into the pan.","O,O,O,O,O,O,B-FOOD,L-FOOD,O,O,O,O,O,B-FOOD,L-FOOD,O,O,O,O,O"
"Add a half cup heavy cream and a third cup of white wine to the pan.","O,O,O,O,B-FOOD,L-FOOD,O,O,O,O,O,B-FOOD,L-FOOD,O,O,O,O"
"Add a layer of cheese sauce","O,O,O,O,B-FOOD,L-FOOD"
"Add a little cooking oil to the pan and heat it up to medium-high heat.","O,O,O,O,U-FOOD,O,O,O,O,O,O,O,O,O,O,O,O,O"
"Add a little pepper, and stir until it always thickens over a low heat.","O,O,O,U-FOOD,O,O,O,O,O,O,O,O,O,O,O,O"
"Add all diced vegetables and let it sauté for 2 minutes, add a dash of cognac and flambé, lower the heat to medium low.","O,O,O,U-FOOD,O,O,O,O,O,O,O,O,O,O,O,O,U-FOOD,O,U-FOOD,O,O,O,O,O,O,O,O"
"Add all ingredients into a pan.","O,O,O,O,O,O,O"
"Add all ingredients to a food processor and burst shortly for desired degree of chunkyness.","O,O,O,O,O,O,O,O,O,O,O,O,O,O,O,O"
"Add all of your wanted spinach, and don't be shy about doing so.","O,O,O,O,O,U-FOOD,O,O,O,O,O,O,O,O,O,O"
"Add all the sauces and oils from the ""Noodles"" ingredients list.","O,O,O,O,O,U-FOOD,O,O,O,U-FOOD,O,O,O,O"
"Add all the tomatoes to the oven dish.","O,O,O,U-FOOD,O,O,O,O,O"
"Add all three to the Greek yogurt","O,O,O,O,O,B-FOOD,L-FOOD"
"Add ammonium to the warmed milk and add to the butter, sugar, and egg mixture.","O,O,O,O,B-FOOD,L-FOOD,O,O,O,O,U-FOOD,O,U-FOOD,O,O,U-FOOD,O,O"
"Add and roast either diced or grated onion or crushed and sliced garlic until translucent.","O,O,O,O,O,O,O,U-FOOD,O,O,O,O,U-FOOD,O,O,O"
"Add and saute the seafood.","O,O,O,O,U-FOOD,O"
"Add and stir the rest of the ingredients, except eggs.","O,O,O,O,O,O,O,O,O,O,U-FOOD,O"
"Add another 500 ml of water diluted with tomato paste and wait until it is boiling.","O,O,O,O,O,O,O,U-FOOD,O,O,O,O,O,O,O,O,O"
"Add any aromatic seasonings.","O,O,B-FOOD,L-FOOD,O"
"Add any fresh ingredients now.","O,O,O,O,O,O"
"Add any ingredients you want to add on top of the sauce (cheese last).","O,O,O,O,O,O,O,O,O,O,O,O,O,U-FOOD,O,O,O"
"Add a pinch of sugar and more soy sauce to taste","O,O,O,O,U-FOOD,O,O,B-FOOD,L-FOOD,O,O"
"Add a small amount of hot water until the liquid in the cooker is a bit more than the amount of gravy you want, then allow it to come to a boil","O,O,O,O,O,O,U-FOOD,O,O,O,O,O,O,O,O,O,O,O,O,O,O,O,O,O,O,O,O,O,O,O,O,O,O"
"Add a spoonfull of salt and (optional) a small amount of MSG to the mortar and pestle.","O,O,O,O,U-FOOD,O,O,O,O,O,O,O,O,U-FOOD,O,O,O,O,O,O"
"Add a spoonful of peanut butter (if having peanut butter).","O,O,O,O,B-FOOD,L-FOOD,O,O,O,B-FOOD,L-FOOD,O,O"
"Add a tablespoon of oil and the chicken.","O,O,O,O,U-FOOD,O,O,U-FOOD,O"
"Add a thin layer of potatoes to the dish","O,O,O,O,O,U-FOOD,O,O,O"
"Add a very small amount of milk and stir (be conservative here, the sour cream will provide most of the softness of the mash)","O,O,O,O,O,O,U-FOOD,O,O,O,O,O,O,O,O,B-FOOD,L-FOOD,O,O,O,O,O,O,O,O,O,O"
"Add back in the meat and add in the stock and herbs.","O,O,O,O,O,O,O,O,O,O,O,U-FOOD,O"
"Add bacon","O,U-FOOD"
"Add bacon to hot pan.","O,U-FOOD,O,O,O,O"
"Add bay leaf and red pepper then give it a good stir.","O,B-FOOD,L-FOOD,O,B-FOOD,L-FOOD,O,O,O,O,O,O,O"
"Add bay leaves and chipotle peppers.","O,B-FOOD,L-FOOD,O,B-FOOD,L-FOOD,O"
"Add beans and gently stir.","O,U-FOOD,O,O,O,O"
"Add beans, tomato, broth and spices and boil for 6 minutes","O,U-FOOD,O,U-FOOD,O,O,O,O,O,O,O,O,O"
"Add beef bouillon cubes, diced beef, fish/oyster sauce, and honey/sugar, then simmer for a couple hours with the lid on.","O,B-FOOD,L-FOOD,O,O,O,U-FOOD,O,B-FOOD,I-FOOD,I-FOOD,L-FOOD,O,O,B-FOOD,I-FOOD,L-FOOD,O,O,O,O,O,O,O,O,O,O,O,O"
"Add beer.","O,U-FOOD,O"
"Add beetroots and let cook for 5 minutes.","O,U-FOOD,O,O,O,O,O,O,O"
"Add Black pepper 1 ml","O,B-FOOD,L-FOOD,O,O"
"Add bouillon, salt and pepper to meat.","O,U-FOOD,O,U-FOOD,O,U-FOOD,O,O,O"
"Add breadcrumbs to yet another large bowl or basin.","O,U-FOOD,O,O,O,O,O,O,O,O"
"Add broccoli and carrots.","O,U-FOOD,O,U-FOOD,O"
"Add broth and whisk until no lumps remain.","O,O,O,O,O,O,O,O,O"
"Add broth.","O,O,O"
"Add broth/stock, tomatoes, bell paper and purée with a stick blender.","O,O,O,O,O,U-FOOD,O,B-FOOD,L-FOOD,O,O,O,O,O,O,O"
"Add bullion and enough water to avoid burning (1 cup), place pot in oven (350F) to bake until veggies are soft.","O,U-FOOD,O,O,U-FOOD,O,O,O,O,O,O,O,O,O,O,O,O,O,O,O,O,O,O,U-FOOD,O,O,O"
"Add burned black bread, a handful of raisins, a few slices of lemon, and coffee beans to the pot.","O,O,O,U-FOOD,O,O,O,O,U-FOOD,O,O,O,O,O,U-FOOD,O,O,B-FOOD,L-FOOD,O,O,O,O"
"Add butter generously while frying to ensure frying oil does not evaporate.","O,U-FOOD,O,O,O,O,O,O,U-FOOD,O,O,O,O"
"Add Butter or Margarine when needed.","O,U-FOOD,O,U-FOOD,O,O,O"
"Add butter.","O,U-FOOD,O"
"Add canned tomatoes, and crush with spatula.","O,O,U-FOOD,O,O,O,O,O,O"
"Add canned tomatoes and their juice.","O,O,U-FOOD,O,O,O,O"
"Add celery and peppers.","O,U-FOOD,O,U-FOOD,O"
"Add cheese.","O,U-FOOD,O"
"Add cheese to bottom of bun","O,U-FOOD,O,O,O,U-FOOD"
"Add chicken and pasta into a casserole dish.","O,U-FOOD,O,U-FOOD,O,O,O,O,O"
"Add chicken broth and rice, cover, and bring to a boil over high heat.","O,U-FOOD,O,O,U-FOOD,O,O,O,O,O,O,O,O,O,O,O,O"
"Add chicken broth until it coats the bottom of the pan.","O,U-FOOD,O,O,O,O,O,O,O,O,O,O"
"Add chicken, cheese and all the diced ingredients to tortillas.","O,U-FOOD,O,U-FOOD,O,O,O,O,O,O,U-FOOD,O"
"Add chicken, jalapeno and bay leaf.","O,U-FOOD,O,U-FOOD,O,B-FOOD,L-FOOD,O"
"Add chicken or beef broth and bring it to a medium temperature.","O,U-FOOD,O,U-FOOD,O,O,O,O,O,O,O,O,O"
"Add chicken to flour mixture, then toss to coat.","O,U-FOOD,O,U-FOOD,O,O,O,O,O,O,O"
"Add chickpeas and finely grated zest and juice from lime.","O,U-FOOD,O,O,O,O,O,O,O,U-FOOD,O"
"Add chickpeas and seasonings.","O,U-FOOD,O,O,O"
"Add chilies and chorizo","O,U-FOOD,O,U-FOOD"
"Add chives","O,U-FOOD"
"Add chopped garlic and chili pepper (optional) for some minutes.","O,O,U-FOOD,O,B-FOOD,L-FOOD,O,O,O,O,O,O,O"
"Add chopped onion, celery and bell pepper.","O,O,U-FOOD,O,U-FOOD,O,B-FOOD,L-FOOD,O"
"Add chopped onions to the pan with the chicken fat and sauce until the onions are golden.","O,O,U-FOOD,O,O,O,O,O,U-FOOD,O,O,O,O,O,U-FOOD,O,O,O"
"Add chopped parsley and pepper.","O,O,U-FOOD,O,U-FOOD,O"
"Add chopped Swiss chard and sauté together until chard is wilted, 2-3 minutes.","O,O,B-FOOD,L-FOOD,O,O,O,O,U-FOOD,O,O,O,O,O,O,O,O"
"Add coconut milk, fish and pepper (whole) and boil for an additional 6 minutes.","O,B-FOOD,L-FOOD,O,U-FOOD,O,U-FOOD,O,O,O,O,O,O,O,O,O,O,O"
"Add coconut milk to the pan.","O,B-FOOD,L-FOOD,O,O,O,O"
"Add cooking cream and mix at medium heat until reduced a bit so it's more creamy.","O,B-FOOD,L-FOOD,O,O,O,O,O,O,O,O,O,O,O,O,O,O,O"
"Add cooking oil to a wok and sear the ground pork until browned, chopping it up as it cooks","O,O,U-FOOD,O,O,O,O,O,O,O,U-FOOD,O,O,O,O,O,O,O,O,O"
"Add cream, boil until the sauce is very creamy.","O,U-FOOD,O,O,O,O,O,O,O,O,O"
"Add crème fraîche/cream and cook until blended and brown, about 5 minutes.","O,B-FOOD,I-FOOD,I-FOOD,L-FOOD,O,O,O,O,O,O,O,O,O,O,O"
"Add Creole seasoning, lemon juice, Worcestershire Sauce, garlic and toss.","O,U-FOOD,O,O,U-FOOD,O,O,B-FOOD,L-FOOD,O,U-FOOD,O,O,O"
"Add croutons.","O,U-FOOD,O"
"Add crushed olives and chopped parsley","O,O,U-FOOD,O,O,U-FOOD"
"Add Cumin 1 ml","O,U-FOOD,O,O"
"Add cumin, mint, thyme, and the paprika/pepper flakes not reserved - and saute for 10 seconds to bloom the spices.","O,U-FOOD,O,U-FOOD,O,U-FOOD,O,O,O,B-FOOD,I-FOOD,I-FOOD,L-FOOD,O,O,O,O,O,O,O,O,O,O,O,O,O"
"Add curcuma, chili powder, salt and black pepper to taste; mix thoroughly.","O,U-FOOD,O,B-FOOD,L-FOOD,O,U-FOOD,O,B-FOOD,L-FOOD,O,O,O,O,O,O"
"Add curry paste and ginger.","O,B-FOOD,L-FOOD,O,U-FOOD,O"
"Add diced garlic for aioli.","O,O,U-FOOD,O,O,O"
"Add diced ginger, smashed garlic cloves and chopped chili and sauté in the remaining lard.","O,O,U-FOOD,O,O,U-FOOD,O,O,O,U-FOOD,O,O,O,O,O,O,O"
"Add diced tomato and shredded mozzarella cheese and keep mixing.","O,O,U-FOOD,O,O,B-FOOD,L-FOOD,O,O,O,O"
"Add diced tomatoes, seasonings, and salt and pepper to taste.","O,O,U-FOOD,O,O,O,O,U-FOOD,O,U-FOOD,O,O,O"
"Add dough balls and cover.","O,U-FOOD,O,O,O,O"
"Add dried peas, bell pepper and grated cheese and let it cook for a minute.","O,O,U-FOOD,O,B-FOOD,L-FOOD,O,O,U-FOOD,O,O,O,O,O,O,O,O"
"Add drops of water until dough becomes cohesive and supple with no toughness or resistance.","O,O,O,U-FOOD,O,O,O,O,O,O,O,O,O,O,O,O"
"Add each of the spices, taste the chili, and adjust flavoring accordingly.","O,O,O,O,O,O,O,O,U-FOOD,O,O,O,O,O,O"
"Add egg and protein powder and cook for a few more minutes","O,U-FOOD,O,B-FOOD,L-FOOD,O,O,O,O,O,O,O"
"Add egg and vanilla extract and mix with a whisk until well mixed.","O,U-FOOD,O,B-FOOD,L-FOOD,O,O,O,O,O,O,O,O,O"
"Add eggs and sugar into a bowl and whisk until the mixture turns pale.","O,U-FOOD,O,U-FOOD,O,O,O,O,O,O,O,O,O,O,O"
"Add eggs, grease, liquor, milk and mix it.","O,U-FOOD,O,U-FOOD,O,U-FOOD,O,U-FOOD,O,O,O,O"
"Add eggs one at a time and blend well between each.","O,U-FOOD,O,O,O,O,O,O,O,O,O,O"
"Add eggs to the meat and put a few into a medium bowl; mix both bowls' contents thoroughly.","O,U-FOOD,O,O,O,O,O,O,O,O,O,O,O,O,O,O,O,O,O,O,O"
"Add egg yolks, sugar, sour cream, and a pinch of salt.","O,U-FOOD,O,O,U-FOOD,O,B-FOOD,L-FOOD,O,O,O,O,O,U-FOOD,O"
"Add enough of remaining flour to make a soft dough.","O,O,O,O,U-FOOD,O,O,O,O,O,O"
"Add enough water for a total of 400g or 1 3/4 cups (i.e.","O,O,U-FOOD,O,O,O,O,O,O,O,O,O,O,O,O"
"Add enough water to thin to a thick sauce.","O,O,U-FOOD,O,O,O,O,O,O,O"
"Add evaporated milk, butter, sugar, and olives.","O,O,U-FOOD,O,U-FOOD,O,U-FOOD,O,O,U-FOOD,O"
"Add fennel, onion, rosemary and mix until tender (4-6 min).","O,U-FOOD,O,U-FOOD,O,U-FOOD,O,O,O,O,O,O,O,O,O,O,O"
"Add finely chopped garlic, chili flakes, paprika, cumin, and oregano.","O,O,O,U-FOOD,O,B-FOOD,L-FOOD,O,U-FOOD,O,U-FOOD,O,O,U-FOOD,O"
"Add fish sauce before adding water and let the chicken boil for a few minutes and then add tomato sauce.","O,B-FOOD,L-FOOD,O,O,U-FOOD,O,O,O,U-FOOD,O,O,O,O,O,O,O,O,B-FOOD,L-FOOD,O"
"Add flour and mix together gently to hydrate.","O,U-FOOD,O,O,O,O,O,O,O"
"Add flour, matcha powder and baking soda and mix with a whisk until you can hardly see the powder.","O,U-FOOD,O,B-FOOD,L-FOOD,O,B-FOOD,L-FOOD,O,O,O,O,O,O,O,O,O,O,O,O,O"
"Add flour to a bowl or basin large enough to fit a breast, add pepper.","O,U-FOOD,O,O,O,O,O,O,O,O,O,O,U-FOOD,O,O,U-FOOD,O"
"Add flour to bowl in small amounts, beating/whisking after each addition.","O,U-FOOD,O,O,O,O,O,O,O,O,O,O,O,O,O"
"Add freshly chopped parsley.","O,O,O,U-FOOD,O"
"Add frozen peas to rice and stir, they will heat up quickly.","O,O,U-FOOD,O,U-FOOD,O,O,O,O,O,O,O,O,O"
"Add garlic and bulghur to the boiling water.","O,U-FOOD,O,U-FOOD,O,O,O,U-FOOD,O"
"Add garlic and chilies and fry for 1 minute (don't burn them!).","O,U-FOOD,O,U-FOOD,O,O,O,O,O,O,O,O,O,O,O,O,O"
"Add garlic and cook for 30 seconds longer or until fragrant.","O,U-FOOD,O,O,O,O,O,O,O,O,O,O"
"Add garlic and cook for another 30 seconds.","O,U-FOOD,O,O,O,O,O,O,O"
"Add garlic and ginger and saute 5 more minutes.","O,U-FOOD,O,U-FOOD,O,O,O,O,O,O"
"Add garlic-ginger and sauté for a minute, then add garam masala.","O,B-FOOD,I-FOOD,L-FOOD,O,O,O,O,O,O,O,O,B-FOOD,L-FOOD,O"
"Add garlic.","O,U-FOOD,O"
"Add garlic, red pepper flakes, cook until fragrant (1 min).","O,U-FOOD,O,B-FOOD,I-FOOD,L-FOOD,O,O,O,O,O,O,O,O,O"
"Add garlic salt and onion powder.","O,B-FOOD,L-FOOD,O,B-FOOD,L-FOOD,O"
"Add garlic, sauté bit longer.","O,U-FOOD,O,O,O,O,O"
"Add garnishes, but it is not essential, due to how rich and filling the dish is.","O,O,O,O,O,O,O,O,O,O,O,O,O,O,O,O,O,O,O"
"Add garnish if available, and serve.","O,O,O,O,O,O,O,O"
"Add garnish if desired.","O,O,O,O,O"
"Add generous amounts of grated parmesan.","O,O,O,O,O,U-FOOD,O"
"Add Goya Naranja 15 ml","O,B-FOOD,L-FOOD,O,O"
"Add grated beets and sauté 10 minutes, stirring occasionally until beets are softened.","O,O,U-FOOD,O,O,O,O,O,O,O,O,U-FOOD,O,O,O"
"Add grits to chicken broth and stir.","O,U-FOOD,O,U-FOOD,O,O,O,O"
"Add ground chilies to a heat-proof jar or bowl.","O,O,U-FOOD,O,O,O,O,O,O,O,O,O"
"Add guanciale and as many fats remaining in the pan as you want.","O,U-FOOD,O,O,O,O,O,O,O,O,O,O,O,O"
"add half a glass of water so that the mixture is well-bathed","O,O,O,O,O,U-FOOD,O,O,O,O,O,O,O,O"
"Add half of the chicken and cook 3 minutes until brown.","O,O,O,O,U-FOOD,O,O,O,O,O,O,O"
"Add half the cilantro and season, then stir to combine.","O,O,O,U-FOOD,O,O,O,O,O,O,O,O"
"Add half the cilantro to rice, then fluff with a fork.","O,O,O,U-FOOD,O,U-FOOD,O,O,O,O,O,O,O"
"Add honey (use as much as you want, I wouldn't use less than two tablespoons though) and stir.","O,U-FOOD,O,O,O,O,O,O,O,O,O,O,O,O,O,O,O,O,O,O,O,O,O"
"Add Hungarian paprika and stir another minute.","O,B-FOOD,L-FOOD,O,O,O,O,O"
"Add ice cubes and blend until smooth.","O,B-FOOD,L-FOOD,O,O,O,O,O"
"Add if you want some broken chocolate (or chocolate chips) in the cereals, or anything you want.","O,O,O,O,O,O,U-FOOD,O,O,B-FOOD,L-FOOD,O,O,O,U-FOOD,O,O,O,O,O,O"
"Add in chicken and stock or broth and mix together well.","O,O,U-FOOD,O,O,O,O,O,O,O,O,O"
"Add in egg mixture to the pan and mix together until even.","O,O,U-FOOD,O,O,O,O,O,O,O,O,O,O"
"Adding sauce and herbs early helps tofu absorb the flavors.","O,O,O,O,O,O,U-FOOD,O,O,O,O"
"Adding some salt will help remove the moisture in the veg and will help deglaze the caramelised bits at the bottom of the pot.","O,O,U-FOOD,O,O,O,O,O,O,O,O,O,O,O,O,O,O,O,O,O,O,O,O,O,O"
"Adding the cabbage half way through.","O,O,U-FOOD,O,O,O,O"
"Add in hard vegetables.","O,O,O,O,O"
"Add in meat.","O,O,U-FOOD,O"
"Add in meat to the pan and set oven to low broil.","O,O,U-FOOD,O,O,O,O,O,O,O,O,O,O"
"Add in some lemon juice if you want.","O,O,O,U-FOOD,O,O,O,O,O"
"Add in the bell pepper.","O,O,O,B-FOOD,L-FOOD,O"
"Add in the coleslaw mix and season with more soy sauce.","O,O,O,B-FOOD,L-FOOD,O,O,O,O,B-FOOD,L-FOOD,O"
"Add in the cream and let the sauce thicken on medium heat for about 10-20 minutes","O,O,O,U-FOOD,O,O,O,O,O,O,O,O,O,O,O,O,O,O"
"Add in the garlic and ginger mixture and cook for approximately 1 minute or until fragrant ensuring not to burn the garlic.","O,O,O,U-FOOD,O,U-FOOD,O,O,O,O,O,O,O,O,O,O,O,O,O,O,O,U-FOOD,O"
"Add in the garlic cloves, bay leaves and chopped parsley.","O,O,O,U-FOOD,O,O,B-FOOD,L-FOOD,O,O,U-FOOD,O"
"Add in the ground beef, and the bread crumbs and mix.","O,O,O,O,U-FOOD,O,O,O,B-FOOD,L-FOOD,O,O,O"
"Add in the sliced onion, sliced garlic, and ginger.","O,O,O,O,U-FOOD,O,O,U-FOOD,O,O,U-FOOD,O"
"Add in your minced meat and break it up into small clumps about the size of a rice grain with a spoon, keep stiring until all your meat is lightly cooked.","O,O,O,O,U-FOOD,O,O,O,O,O,O,O,O,O,O,O,O,U-FOOD,O,O,O,O,O,O,O,O,O,O,U-FOOD,O,O,O,O"
"Additionally add desired herbs.","O,O,O,U-FOOD,O"
"Add it to the yolk-pepper-salt-cheese mixture.","O,O,O,O,O,O,O,O,O,O,O,O,O"
"Add ketchup if desired.","O,U-FOOD,O,O,O"
"Add ketchup, mustard or Worcestershire sauce as needed and mix further. (Optional)","O,U-FOOD,O,U-FOOD,O,B-FOOD,L-FOOD,O,O,O,O,O,O,O,O,O"
"add kidney, parsley, bay leaf, salt, pepper","O,U-FOOD,O,U-FOOD,O,B-FOOD,L-FOOD,O,U-FOOD,O,U-FOOD"
"Add lemon juice and cumin before serving.","O,U-FOOD,O,O,U-FOOD,O,O,O"
"Add lentils and water (water should be about an inch deeper than the level of the lentils).","O,U-FOOD,O,U-FOOD,O,U-FOOD,O,O,O,O,O,O,O,O,O,O,O,U-FOOD,O,O"
"Add macaroni and the remaining milk to cover everything. Most of the milk will be absorbed by the macaroni.","O,U-FOOD,O,O,O,U-FOOD,O,O,O,O,O,O,O,U-FOOD,O,O,O,O,O,U-FOOD,O"
"Add marinated steaks, grill for 2 minutes, flip, repeat until you've grilled them for 10 minutes total.","O,O,U-FOOD,O,O,O,O,O,O,O,O,O,O,O,O,O,O,O,O,O,O,O"
"Add mashed bananas and mix well.","O,O,U-FOOD,O,O,O,O"
"Add mayonnaise","O,U-FOOD"
"Add meat and cook until browned, breaking meat into small pieces.","O,U-FOOD,O,O,O,O,O,O,U-FOOD,O,O,O,O"
"Add meatballs and gently stir.","O,U-FOOD,O,O,O,O"
"Add meatballs and the stir-fry sauce to the pan with veggies.","O,U-FOOD,O,O,O,O,O,O,O,O,O,O,O,O"
"Add meat to the vegetables.","O,U-FOOD,O,O,O,O"
"Add melted butter while stirring batter.","O,O,U-FOOD,O,O,O,O"
"Add mild curry paste, red curry base, soy sauce, peanut butter, and the minced chili pepper.","O,O,B-FOOD,L-FOOD,O,B-FOOD,I-FOOD,L-FOOD,O,B-FOOD,L-FOOD,O,B-FOOD,L-FOOD,O,O,O,O,B-FOOD,L-FOOD,O"
"Add milk and bring the concoction to a boil.","O,U-FOOD,O,O,O,O,O,O,O,O"
"Add milk and cook mixture over medium heat until oats are desired tenderness (5-10 mins)","O,U-FOOD,O,O,O,O,O,O,O,U-FOOD,O,O,O,O,O,O,O,O,O"
"Add milk and mix until homogeneous","O,U-FOOD,O,O,O,O"
"Add milk and white pepper, heat through.","O,U-FOOD,O,B-FOOD,L-FOOD,O,O,O,O"
"Add milk gradually and whisk continuously.","O,U-FOOD,O,O,O,O,O"
"Add milk little by little, stirring as you go, until you reach the desired consistency.","O,U-FOOD,O,O,O,O,O,O,O,O,O,O,O,O,O,O,O,O"
"Add milk, season with nutmeg and stir until creamy.","O,U-FOOD,O,O,O,U-FOOD,O,O,O,O,O"
"Add milk slowly, stirring constantly","O,U-FOOD,O,O,O,O"
"Add milk to bowl in small amounts, beating/whisking after each addition.","O,U-FOOD,O,O,O,O,O,O,O,O,O,O,O,O,O"
"Add minced onion, carrot, and celery, and parsley to the pan.","O,O,U-FOOD,O,U-FOOD,O,O,U-FOOD,O,O,U-FOOD,O,O,O,O"
"add miso paste to taste","O,B-FOOD,L-FOOD,O,O"
"Add more dressing until it tastes good","O,O,O,O,O,O,O"
"Add more salt and pepper if needed.","O,O,U-FOOD,O,U-FOOD,O,O,O"
"Add more tomato sauce if the mixture is dry.","O,O,B-FOOD,L-FOOD,O,O,O,O,O,O"
"Add mushrooms and cook until all water evaporates and mushrooms are slightly browned, about 7 minutes.","O,U-FOOD,O,O,O,O,U-FOOD,O,O,U-FOOD,O,O,O,O,O,O,O,O"
"Add mushrooms and cook until browned, about 5 minutes.","O,U-FOOD,O,O,O,O,O,O,O,O,O"
"Add mushrooms, red pepper, onion and garlic; cook, stirring about 5 minutes until tender.","O,U-FOOD,O,B-FOOD,L-FOOD,O,U-FOOD,O,U-FOOD,O,O,O,O,O,O,O,O,O,O"
"Add noodles, reduce heat to a low boil.","O,U-FOOD,O,O,O,O,O,O,O,O"
"Add nutmeg and season to taste.","O,U-FOOD,O,O,O,O,O"
"Add oats.","O,U-FOOD,O"
"Add oil after a couple mins.","O,U-FOOD,O,O,O,O,O"
"Add oil as the very last ingredient.","O,U-FOOD,O,O,O,O,O,O"
"Add oil/fat to a large pot (preferably iron) and set over high heat.","O,B-FOOD,I-FOOD,L-FOOD,O,O,O,O,O,O,O,O,O,O,O,O,O,O"
"Add oil into your saucepan and 3 popcorn kernels.","O,U-FOOD,O,O,O,O,O,B-FOOD,L-FOOD,O"
"Add oil of your choice to the hotplate then add the onions","O,U-FOOD,O,O,O,O,O,O,O,O,O,U-FOOD"
"Add oil to a pan (not a shallow one, wide and a bit deep is ideal if you have one) until it barely covers the vegetables","O,U-FOOD,O,O,O,O,O,O,O,O,O,O,O,O,O,O,O,O,O,O,O,O,O,O,O,O,O,O,U-FOOD"
"Add olive oil in another frying pan and slowly fry the onion until it gets a slightly golden color.","O,B-FOOD,L-FOOD,O,O,O,O,O,O,O,O,U-FOOD,O,O,O,O,O,O,O,O"
"Add olive oil to cast iron skillet and heat on high until ripping hot.","O,B-FOOD,L-FOOD,O,O,O,O,O,O,O,O,O,O,O,O"
"Add olive oil to the bottom of an iron skillet.","O,B-FOOD,L-FOOD,O,O,O,O,O,O,O,O"
"Add olive oil to your frying pan, heat it to medium-high heat.","O,B-FOOD,L-FOOD,O,O,O,O,O,O,O,O,O,O,O,O,O"
"Add olives, spinach, tomatoes, and half the dressing to the pot.","O,U-FOOD,O,U-FOOD,O,U-FOOD,O,O,O,O,O,O,O,O,O"
"Add one handful of greens at a time, stirring until leaves wilt.","O,O,O,O,O,O,O,O,O,O,O,O,O,O"
"Add one Tbsp of salt.","O,O,O,O,U-FOOD,O"
"Add onion and garlic; cook, stirring 3 minutes.","O,U-FOOD,O,U-FOOD,O,O,O,O,O,O,O"
"Add onion.","O,U-FOOD,O"
"Add onions and cook for 2 minutes.","O,U-FOOD,O,O,O,O,O,O"
"Add onions and cook for 5 minutes","O,U-FOOD,O,O,O,O,O"
"Add onions and savoury.","O,U-FOOD,O,O,O"
"Add optional ingredients like vinegar, cheese or hard-boiled eggs if wanted.","O,O,O,O,U-FOOD,O,U-FOOD,O,O,O,O,U-FOOD,O,O,O"
"Add other optional teas to your liking; I like to add a good handful of","O,O,O,U-FOOD,O,O,O,O,O,O,O,O,O,O,O,O"
"Add pancetta / bacon (4 oz) to food processor.","O,U-FOOD,O,U-FOOD,O,O,O,O,O"
"Add parmesan cheese and continue stirring.","O,B-FOOD,L-FOOD,O,O,O,O"
"Add parsley, and serve.","O,U-FOOD,O,O,O,O"
"Add Parsley and then salt to taste.","O,U-FOOD,O,O,U-FOOD,O,O,O"
"Add pasta mixture, stirring until hot.","O,U-FOOD,O,O,O,O,O,O"
"Add pasta, sauce and meatballs.","O,U-FOOD,O,U-FOOD,O,U-FOOD,O"
"Add peanuts to the dry pan.","O,U-FOOD,O,O,O,O,O"
"Add peas halfway through cooking.","O,U-FOOD,O,O,O,O"
"Add pepper and crushed garlic.","O,U-FOOD,O,O,U-FOOD,O"
"Add pepper, more salt if needed, and optionally, shredded cheese on top for extra creaminess.","O,U-FOOD,O,O,U-FOOD,O,O,O,O,O,O,O,U-FOOD,O,O,O,O,O,O"
"Add peppers and onions to the pan with beef.","O,U-FOOD,O,U-FOOD,O,O,O,O,U-FOOD,O"
"Add pickle slices","O,U-FOOD,O"
"Add pizza sauce, cheese, and whatever you like on your pizza","O,B-FOOD,L-FOOD,O,U-FOOD,O,O,O,O,O,O,O,O"
"Add pork and bacon and bake until crispy.","O,U-FOOD,O,U-FOOD,O,O,O,O,O"
"Add pork and season with cumin, adobo, sazon, and oregano.","O,U-FOOD,O,O,O,U-FOOD,O,U-FOOD,O,U-FOOD,O,O,U-FOOD,O"
"Add potatoes, carrots, and liver spread.","O,U-FOOD,O,U-FOOD,O,O,B-FOOD,L-FOOD,O"
"Add potatoes, carrots, water and salt.","O,U-FOOD,O,U-FOOD,O,U-FOOD,O,U-FOOD,O"
"Add potatoes to frying pan, salt them and fry over medium heat for about","O,U-FOOD,O,O,O,O,U-FOOD,O,O,O,O,O,O,O,O"
"Add powdered garlic and tomato paste.","O,O,U-FOOD,O,U-FOOD,O,O"
"Add remainder of sauce","O,O,O,O"
"Add remaining fish cake ingredients, along with the oil from one tin (about 2 TB) to the bowl.","O,O,U-FOOD,O,O,O,O,O,O,U-FOOD,O,O,O,O,O,O,O,O,O,O,O,O"
"Add remaining ginger and remaining Moroccan spice blend.","O,O,U-FOOD,O,O,B-FOOD,I-FOOD,L-FOOD,O"
"Add remaining ingredients.","O,O,O,O"
"Add remaining oil to pan; add garlic, onion, and ginger.","O,O,U-FOOD,O,O,O,O,U-FOOD,O,U-FOOD,O,O,U-FOOD,O"
"Add remaining vegetables, chickpeas, and tamari.","O,O,U-FOOD,O,U-FOOD,O,O,U-FOOD,O"
"Add rest of raisins, and non-citrus fruits of your choice.","O,O,O,U-FOOD,O,O,B-FOOD,I-FOOD,I-FOOD,L-FOOD,O,O,O,O"
"Add rice and peas to chicken and stir.","O,U-FOOD,O,U-FOOD,O,U-FOOD,O,O,O"
"Add rice and reduce heat to low.","O,U-FOOD,O,O,O,O,O,O"
"Add rice, garlic, and vinegar.","O,U-FOOD,O,U-FOOD,O,O,U-FOOD,O"
"Add rice noodles to bowl, followed by the broth and its contents, followed by the garnish.","O,B-FOOD,L-FOOD,O,O,O,O,O,O,O,O,O,O,O,O,O,O,O,O"
"Add rice to boiling water.","O,U-FOOD,O,O,U-FOOD,O"
"Add sage leafs on top (optional).","O,B-FOOD,L-FOOD,O,O,O,O,O,O"
"Add Salt 5 ml","O,U-FOOD,O,O"
"Add salt and black pepper to taste and mix thoroughly.","O,U-FOOD,O,B-FOOD,L-FOOD,O,O,O,O,O,O"
"Add salt and pepper.","O,U-FOOD,O,U-FOOD,O"
"Add salt and pepper to taste afterwards.","O,U-FOOD,O,U-FOOD,O,O,O,O"
"Add salt and pepper to taste.","O,U-FOOD,O,U-FOOD,O,O,O"
"Add salt, cumin, and paprika to taste.","O,U-FOOD,O,U-FOOD,O,O,U-FOOD,O,O,O"
"Add salt.","O,U-FOOD,O"
"Add salt, pepper, and optional seasonings.","O,U-FOOD,O,U-FOOD,O,O,O,O,O"
"Add salt to taste and keep stirring the chicken to make sure it does not burn or stick to the bottom of the pan.","O,U-FOOD,O,O,O,O,O,O,U-FOOD,O,O,O,O,O,O,O,O,O,O,O,O,O,O,O,O"
"Add salt to taste","O,U-FOOD,O,O"
"Add salt to the water until it's fully saturated.","O,U-FOOD,O,O,U-FOOD,O,O,O,O,O,O"
"Add salt to water only after boiling.","O,U-FOOD,O,U-FOOD,O,O,O,O"
"Add salt, water, beer, arugula, cilantro, shallot, and cumin.","O,U-FOOD,O,U-FOOD,O,U-FOOD,O,U-FOOD,O,U-FOOD,O,U-FOOD,O,O,U-FOOD,O"
"Add San Marzano tomatoes, include the liquids from the can if possible.","O,B-FOOD,I-FOOD,L-FOOD,O,O,O,O,O,O,O,O,O,O"
"Add sauce to meat and simmer 2-3 minutes before setting aside.","O,O,O,O,O,O,O,O,O,O,O,O,O,O"
"Add sausage and bring to a boil.","O,U-FOOD,O,O,O,O,O,O"
"add sauteed dried mint to the soup and stir well","O,O,O,U-FOOD,O,O,O,O,O,O"
"Add sea salt.","O,B-FOOD,L-FOOD,O"
"Add seasonings and black pepper to taste.","O,O,O,B-FOOD,L-FOOD,O,O,O"
"Add seasonings and Worcestershire Sauce.","O,O,O,B-FOOD,L-FOOD,O"
"Add seasonings, except tamari, and the stock/water.","O,O,O,O,U-FOOD,O,O,O,B-FOOD,I-FOOD,L-FOOD,O"
"Add shortening, sugar, and salt.","O,O,O,U-FOOD,O,O,U-FOOD,O"
"Add shrimp and cook for 5-7 minutes.","O,U-FOOD,O,O,O,O,O,O,O,O"
"Add shrimp and fry on medium-high heat","O,U-FOOD,O,O,O,O,O,O,O"
"Add sliced potatoes and sliced carrots then cook for 10-15 minutes or until easily pierced with a fork.","O,O,U-FOOD,O,O,U-FOOD,O,O,O,O,O,O,O,O,O,O,O,O,O,O,O"
"Add sliced tomatoes","O,O,U-FOOD"
"Add some amount of rice to a pot that has a cover.","O,O,O,O,U-FOOD,O,O,O,O,O,O,O,O"
"Add some butter to a frying pan and heat up.","O,O,U-FOOD,O,O,O,O,O,O,O,O"
"Add some butter to a medium warm frying pan.","O,O,U-FOOD,O,O,O,O,O,O,O"
"Add some flour to a table and roll the dough out there.","O,O,U-FOOD,O,O,O,O,O,O,O,O,O,O"
"Add some more butter flakes around the inside of the pan to get it under the","O,O,O,U-FOOD,O,O,O,O,O,O,O,O,O,O,O,O"
"Add some of the grated cheese of your choice and stir it in.","O,O,O,O,O,U-FOOD,O,O,O,O,O,O,O,O"
"Add some of the pasta water if required to loosen the sauce, then top with fresh basil.","O,O,O,O,U-FOOD,O,O,O,O,O,O,O,O,O,O,O,O,U-FOOD,O"
"Add some oil to hands and shape dough into a ball.","O,O,U-FOOD,O,O,O,O,O,O,O,O,O"
"Add some salt and paprika to the potatoes, mix well and cook for another ten","O,O,U-FOOD,O,U-FOOD,O,O,U-FOOD,O,O,O,O,O,O,O,O"
"add some salt and rice","O,O,U-FOOD,O,U-FOOD"
"Add some salt, black pepper and garlic powder to taste and continue mashing","O,O,U-FOOD,O,B-FOOD,L-FOOD,O,B-FOOD,L-FOOD,O,O,O,O,O"
"Add some shaved ginger and garlic paste and let it sauté until some raw flavour disappears.","O,O,O,U-FOOD,O,U-FOOD,O,O,O,O,O,O,O,O,O,O,O"
"Add spaghetti and toss into the sauce.","O,U-FOOD,O,O,O,O,O,O"
"Add spiced vinegar, sugar, salt, paprika, and cayenne pepper to tomato mixture.","O,O,U-FOOD,O,U-FOOD,O,U-FOOD,O,U-FOOD,O,O,B-FOOD,L-FOOD,O,U-FOOD,O,O"
"Add spices and beans.","O,O,O,U-FOOD,O"
"Add spices and salt, saute 5 minutes more.","O,O,O,U-FOOD,O,O,O,O,O,O"
"Add spices, eggs and sour cream to bowl and stir.","O,O,O,U-FOOD,O,B-FOOD,L-FOOD,O,O,O,O,O"
"Add spices, syrup and cream.","O,O,O,U-FOOD,O,U-FOOD,O"
"Add stock and cook until sauce is thickened.","O,O,O,O,O,O,O,O,O"
"Add stock, bay leaf, pepper and optional ingredients now.","O,O,O,B-FOOD,L-FOOD,O,U-FOOD,O,O,O,O,O"
"Add sugar and milk to taste.","O,U-FOOD,O,U-FOOD,O,O,O"
"Add sugar and yeast into","O,U-FOOD,O,U-FOOD,O"
"Add sugar, flour, baking powder, salt and mix all these dry ingredients.","O,U-FOOD,O,U-FOOD,O,B-FOOD,L-FOOD,O,U-FOOD,O,O,O,O,O,O,O"
"Add sweet potato, zucchini, red pepper, salt, and half a cup of water.","O,B-FOOD,L-FOOD,O,U-FOOD,O,B-FOOD,L-FOOD,O,U-FOOD,O,O,O,O,O,O,U-FOOD,O"
"Add tapioca, salt and pepper to milk; cook in double boiler 15 minutes or until tapioca is clear and mixture thickened, stirring frequently.","O,U-FOOD,O,U-FOOD,O,U-FOOD,O,U-FOOD,O,O,O,O,O,O,O,O,O,U-FOOD,O,O,O,O,O,O,O,O,O"
"Add the 2 remaining garlic cloves to the oven dish, This can be done with the skin to create a garlic spread for the bread.","O,O,O,O,U-FOOD,O,O,O,O,O,O,O,O,O,O,O,O,O,O,O,O,U-FOOD,O,O,O,U-FOOD,O"
"Add the above to a mixing bowl and mix with hands.","O,O,O,O,O,O,O,O,O,O,O,O"
"Add the anchovy fillets and capers","O,O,B-FOOD,L-FOOD,O,U-FOOD"
"Add the baking powder","O,O,B-FOOD,L-FOOD"
"Add the banana pieces, berries, vanilla and sugar to taste to the blender.","O,O,U-FOOD,O,O,U-FOOD,O,U-FOOD,O,U-FOOD,O,O,O,O,O,O"
"Add the batter (about 3 tbsp per pancake) and cook for 2 min per side on medium-high heat.","O,O,U-FOOD,O,O,O,O,O,O,O,O,O,O,O,O,O,O,O,O,O,O,O,O"
"Add the bayleaf and thyme, optionally you can bind them together with some kitchen twine so they are easier to pick out later.","O,O,U-FOOD,O,U-FOOD,O,O,O,O,O,O,O,O,O,O,O,O,O,O,O,O,O,O,O,O"
"Add the beans, season to taste, mix until combined, and simmer for an additional 2 minutes.","O,O,U-FOOD,O,O,O,O,O,O,O,O,O,O,O,O,O,O,O,O,O"
"Add the beer you used to deglaze to the pot with the onions and beef.","O,O,U-FOOD,O,O,O,O,O,O,O,O,O,U-FOOD,O,U-FOOD,O"
"Add the Better than Bouillon to the pot and stir","O,O,O,O,U-FOOD,O,O,O,O,O"
"Add the bouillon in small batches while stirring with a whisker","O,O,U-FOOD,O,O,O,O,O,O,O,O"
"Add the butter, the milk, the herbs, the nutmeg and mash the potatoes with a masher or an electric mixer.","O,O,U-FOOD,O,O,U-FOOD,O,O,U-FOOD,O,O,U-FOOD,O,O,O,U-FOOD,O,O,O,O,O,O,O,O"
"Add the canned tomatoes, basil, and parsley.","O,O,O,U-FOOD,O,U-FOOD,O,O,U-FOOD,O"
"Add the caraway, coriander, and chili powder.","O,O,U-FOOD,O,U-FOOD,O,O,B-FOOD,L-FOOD,O"
"Add the carrots and mushrooms, and cook for 2 minutes.","O,O,U-FOOD,O,U-FOOD,O,O,O,O,O,O,O"
"Add the carrots and saute for another 3 minutes.","O,O,U-FOOD,O,O,O,O,O,O,O"
"Add the celery, carrots, potato, onion, leek, and celeriac to the soup.","O,O,U-FOOD,O,U-FOOD,O,U-FOOD,O,U-FOOD,O,U-FOOD,O,O,U-FOOD,O,O,O,O"
"Add the cheese and red wine to the sauce and stir it in.","O,O,U-FOOD,O,B-FOOD,L-FOOD,O,O,O,O,O,O,O,O"
"Add the chicken and lower the heat.","O,O,U-FOOD,O,O,O,O,O"
"Add the chicken and the spices.","O,O,U-FOOD,O,O,O,O"
"Add the chicken, stir well and put the pot in the preheated oven.","O,O,U-FOOD,O,O,O,O,O,O,O,O,O,O,O,O"
"Add the chicken stock to the pan and continue cooking.","O,O,U-FOOD,O,O,O,O,O,O,O,O"
"Add the chicken thighs skin-side down.","O,O,U-FOOD,O,O,O,O,O,O"
"Add the chicken to the pot as well.","O,O,U-FOOD,O,O,O,O,O,O"
"Add the chopped cilantro.","O,O,O,U-FOOD,O"
"Add the chopped onions into the pot with oil and constantly stir for 5-10 minutes until they begin to brown.","O,O,O,U-FOOD,O,O,O,O,U-FOOD,O,O,O,O,O,O,O,O,O,O,O,O,O,O"
"Add the chopped onions, then wait 2 minutes and add the sliced carrots, boil for another 2 minutes.","O,O,O,U-FOOD,O,O,O,O,O,O,O,O,O,U-FOOD,O,O,O,O,O,O,O"
"Add the chopped tomatoes and reduce the sauce, uncovered, for about 30 mins.","O,O,O,U-FOOD,O,O,O,O,O,O,O,O,O,O,O,O"
"Add the cooked gnocchi to the pan and roast them in butter for a minute or two until slightly browned.","O,O,O,U-FOOD,O,O,O,O,O,O,O,U-FOOD,O,O,O,O,O,O,O,O,O"
"Add the cornflour and water.","O,O,U-FOOD,O,U-FOOD,O"
"Add the cornstarch slowly avoiding lumps.","O,O,U-FOOD,O,O,O,O"
"Add the curry powder, turmeric, vinegar, and star anise.","O,O,B-FOOD,L-FOOD,O,U-FOOD,O,U-FOOD,O,O,B-FOOD,L-FOOD,O"
"Add the diced tomatoes and cook for one minute.","O,O,O,U-FOOD,O,O,O,O,O,O"
"add the diced tomatoes, fill the jar your tomatoes came in with water give it a shake and add that to the pot, do the same with your can of peeled tomatoes.","O,O,O,U-FOOD,O,O,O,O,O,U-FOOD,O,O,O,U-FOOD,O,O,O,O,O,O,O,O,O,O,O,O,O,O,O,O,O,O,O,U-FOOD,O"
"Add the doubanjiang and let it simmer for about a minute","O,O,U-FOOD,O,O,O,O,O,O,O,O"
"Add the eggplant, and chunks of potato.","O,O,U-FOOD,O,O,O,O,U-FOOD,O"
"Add the eggplant and zucchini to the pot.","O,O,U-FOOD,O,U-FOOD,O,O,O,O"
"Add the egg yolk to the dry ingredients.","O,O,U-FOOD,O,O,O,O,O,O"
"Add the fish and let simmer on low heat until the fish are cooked thoroughly, being careful not to break them. Turn the heat off and add the olive oil.","O,O,U-FOOD,O,O,O,O,O,O,O,O,U-FOOD,O,O,O,O,O,O,O,O,O,O,O,O,O,O,O,O,O,O,B-FOOD,L-FOOD,O"
"Add the flour and give it all a stir, let it dry up in the pan.","O,O,U-FOOD,O,O,O,O,O,O,O,O,O,O,O,O,O,O,O"
"Add the flour on a bowl, and the grease in ambient temperature in the middle.","O,O,U-FOOD,O,O,O,O,O,O,O,O,O,O,O,O,O,O"
"Add the flour slowly so the preparation stays homogenous.","O,O,U-FOOD,O,O,O,O,O,O,O"
"Add the garlic and ginger and stir-fry for a minute.","O,O,U-FOOD,O,U-FOOD,O,O,O,O,O,O,O,O"
"Add the garlic, garam masala, turmeric and ground coriander and allow to release aroma for a minute or two.","O,O,U-FOOD,O,B-FOOD,L-FOOD,O,U-FOOD,O,B-FOOD,L-FOOD,O,O,O,O,O,O,O,O,O,O,O"
"Add the garlic, pressed or finely minced.","O,O,U-FOOD,O,O,O,O,O,O"
"Add the garlic, tomato, herbs and salt if desired. Switch to medium heat, stirring occasionally until the water starts to boil.","O,O,U-FOOD,O,U-FOOD,O,U-FOOD,O,U-FOOD,O,O,O,O,O,O,O,O,O,O,O,O,U-FOOD,O,O,O,O"
"Add the garlic, tomato paste and harissa and continue frying for 2 minutes.","O,O,U-FOOD,O,U-FOOD,O,O,U-FOOD,O,O,O,O,O,O,O"
"Add the gherkins.","O,O,U-FOOD,O"
"Add the glass of water.","O,O,O,O,U-FOOD,O"
"Add the green chillies according to your taste.","O,O,B-FOOD,L-FOOD,O,O,O,O,O"
"Add the grinded cheese.","O,O,O,U-FOOD,O"
"Add the ground turkey and cook until no longer raw seasoning with soy sauce.","O,O,O,U-FOOD,O,O,O,O,O,O,O,O,B-FOOD,L-FOOD,O"
"Add the herbs, just enough to cover the fillets, salt and pepper too if desired and cover with the lid on low heat until fully cooked.","O,O,U-FOOD,O,O,O,O,O,O,U-FOOD,O,U-FOOD,O,U-FOOD,O,O,O,O,O,O,O,O,O,O,O,O,O,O,O"
"Add the herbs, the Worcestershire and the soya sauce and cook it for another 2min.","O,O,U-FOOD,O,O,U-FOOD,O,O,B-FOOD,L-FOOD,O,O,O,O,O,O,O"
"Add the ingredients onto one half of the tortilla if using 1, or the entire surface if using 2.","O,O,O,O,O,O,O,O,U-FOOD,O,O,O,O,O,O,O,O,O,O,O,O"
"Add the lamb meat and mix well so that the pieces are covered with the sauce.","O,O,B-FOOD,L-FOOD,O,O,O,O,O,O,O,O,O,O,O,O,O"
"Add the lemon juice and cilantro and more water if it's too thick.","O,O,U-FOOD,O,O,U-FOOD,O,O,U-FOOD,O,O,O,O,O,O"
"Add the lemon rind if you want.","O,O,U-FOOD,O,O,O,O,O"
"Add the lime juice.","O,O,U-FOOD,O,O"
"Add the marinated chicken, butter, fresh cream, the crushed fenugreek leaves, and sliced green chilies.","O,O,O,U-FOOD,O,U-FOOD,O,O,O,O,O,O,U-FOOD,O,O,O,O,B-FOOD,L-FOOD,O"
"Add the meat back to the soup, setting some slices of sausage aside.","O,O,O,O,O,O,O,O,O,O,O,O,U-FOOD,O,O"
"Add the meat, boil until the meat is warm.","O,O,U-FOOD,O,O,O,O,U-FOOD,O,O,O"
"Add the melted pork lard.","O,O,O,B-FOOD,L-FOOD,O"
"Add the minced aromatics (ginger, garlic) scallion whites, and dou-chi and cook until fragrant","O,O,O,O,O,U-FOOD,O,U-FOOD,O,U-FOOD,O,O,O,B-FOOD,I-FOOD,L-FOOD,O,O,O,O"
"Add the mince whole and sear (flipping to sear the other side before breaking up).","O,O,O,O,O,O,O,O,O,O,O,O,O,O,O,O,O,O"
"Add the mint, honey, 1 tsp of salt and the sugar/chilli powder (Depending on the sweet/spicy choice)","O,O,U-FOOD,O,U-FOOD,O,O,O,O,U-FOOD,O,O,B-FOOD,I-FOOD,I-FOOD,L-FOOD,O,O,O,O,O,O,O,O,O"
"Add them.","O,O,O"
"Add the mushrooms, saute, then add a tbsp of flour and mix well.","O,O,U-FOOD,O,O,O,O,O,O,O,O,U-FOOD,O,O,O,O"
"Add the mutton/ lamb and 2 cups (500ml) of water.","O,O,U-FOOD,U-FOOD,O,O,O,O,O,O,O,U-FOOD,O"
"Add the noodles and salad leaves (or whatever veggie you got).","O,O,U-FOOD,O,B-FOOD,L-FOOD,O,O,O,O,O,O,O,O"
"Add the noodle spices. (If you don't like it too creamy, add extra water.)","O,O,B-FOOD,I-FOOD,L-FOOD,O,O,O,O,O,O,O,O,O,O,O,O,U-FOOD,O,O"
"Add the oil and garlic to the skillet and gently cook it until it's lightly golden brown.","O,O,U-FOOD,O,U-FOOD,O,O,O,O,O,O,O,O,O,O,O,O,O,O"
"Add the oil and the butter to the frying pan and heat to medium heat.","O,O,U-FOOD,O,O,U-FOOD,O,O,O,O,O,O,O,O,O,O"
"Add the onion and cilantro.","O,O,U-FOOD,O,U-FOOD,O"
"Add the onion and cook until translucent and the meat is nicely browned.","O,O,U-FOOD,O,O,O,O,O,O,O,O,O,O,O"
"Add the onion, carrot, and bell pepper; cook and stir until vegetables begin to soften, about 5 minutes.","O,O,U-FOOD,O,U-FOOD,O,O,B-FOOD,L-FOOD,O,O,O,O,O,O,O,O,O,O,O,O,O,O"
"Add the onions and ground some pepper in the sauce","O,O,U-FOOD,O,O,O,U-FOOD,O,O,O"
"Add the onions and saute for around 3 min.","O,O,U-FOOD,O,O,O,O,O,O,O"
"Add the onions, carrots and peas.","O,O,U-FOOD,O,U-FOOD,O,U-FOOD,O"
"Add the onion slices then cover and let sit in the fridge.","O,O,U-FOOD,O,O,O,O,O,O,O,O,O,O"
"Add the oregano and the egg and mix.","O,O,U-FOOD,O,O,U-FOOD,O,O,O"
"Add the other ingredients to the pot.","O,O,O,O,O,O,O,O"
"Add the pasta with the pepper with 2 spoons of the water previously saved.","O,O,U-FOOD,O,O,U-FOOD,O,O,O,O,O,U-FOOD,O,O,O"
"Add the paste to the curry directly.","O,O,U-FOOD,O,O,O,O,O"
"Add the pieces to the boiling water.","O,O,O,O,O,O,U-FOOD,O"
"Add the ""Pommade"" butter and mix thoroughly until the preparation is airy. ""pommade"" is french for ointment, this is a specific state of butter that is nor liquid nor solid.","O,O,O,U-FOOD,O,U-FOOD,O,O,O,O,O,O,O,O,O,O,O,O,O,O,O,O,O,O,O,O,O,O,O,U-FOOD,O,O,O,O,O,O,O"
"Add the pork belly to the sauce and cook on low for a further 2 minutes.","O,O,U-FOOD,O,O,O,O,O,O,O,O,O,O,O,O,O,O"
"Add the pork, onion, epazote or cilantro, and salt.","O,O,U-FOOD,O,U-FOOD,O,U-FOOD,O,U-FOOD,O,O,U-FOOD,O"
"Add the pork steaks to the marinade and leave in room temperature for 30 minutes or a bit longer.","O,O,U-FOOD,O,O,O,O,O,O,O,O,O,O,O,O,O,O,O,O,O"
"Add the potatoes and the water to the pan.","O,O,U-FOOD,O,O,U-FOOD,O,O,O,O"
"Add the potatoes to the hot oil and cook for 9 to 11 minutes while stirring fairly constantly.","O,O,U-FOOD,O,O,O,U-FOOD,O,O,O,O,O,O,O,O,O,O,O,O"
"Add the potato slices already salted and let them cook for approximately 20 minutes over low heat.","O,O,U-FOOD,O,O,O,O,O,O,O,O,O,O,O,O,O,O,O"
"Add the red pepper flakes to the skillet and turn down the heat to let its flavor infuse the oil.","O,O,B-FOOD,I-FOOD,L-FOOD,O,O,O,O,O,O,O,O,O,O,O,O,O,O,U-FOOD,O"
"Add the remaining 1/4 cheese to the top","O,O,O,O,U-FOOD,O,O,O"
"Add the rest of the ingredients, except for icing sugar and using a spatula, gently fold everything until well combine.","O,O,O,O,O,O,O,O,O,B-FOOD,L-FOOD,O,O,O,O,O,O,O,O,O,O,O,O"
"Add the rest of the ingredients to the browned meat.","O,O,O,O,O,O,O,O,O,O,O"
"Add the ribboned cabbage and collard greens, a few twists of freshly ground pepper, and two tablespoons of water to the pot and cover.","O,O,B-FOOD,L-FOOD,O,B-FOOD,L-FOOD,O,O,O,O,O,O,O,U-FOOD,O,O,O,O,O,U-FOOD,O,O,O,O,O,O"
"Add the rice and cook for 2 minutes, stirring constantly.","O,O,U-FOOD,O,O,O,O,O,O,O,O,O"
"Add the rice in and let it toast for about a minute or so.","O,O,U-FOOD,O,O,O,O,U-FOOD,O,O,O,O,O,O,O"
"Add the rice to the vegetables, stir, and cook for 10 more minutes.","O,O,U-FOOD,O,O,O,O,O,O,O,O,O,O,O,O,O"
"Add the rosemary and chilli","O,O,U-FOOD,O,U-FOOD"
"Add the salt and pepper, as desired.","O,O,U-FOOD,O,U-FOOD,O,O,O,O"
"Add the salt-msg mix to the vegetable powder along with about half a tablespoon of sugar","O,O,B-FOOD,I-FOOD,L-FOOD,O,O,O,O,O,O,O,O,O,O,O,O,U-FOOD"
"Add the salt, pepper, celery seeds, onion powder, and granulated garlic, and combine well","O,O,U-FOOD,O,U-FOOD,O,B-FOOD,L-FOOD,O,B-FOOD,L-FOOD,O,O,O,U-FOOD,O,O,O,O"
"Add the sauce and mix in.","O,O,O,O,O,O,O"
"Add the sausage, bacon and scrambled egg to a wrap (I recommend two sausage halves, a bacon rasher and half the bowl of scrambled egg per wrap).","O,O,U-FOOD,O,U-FOOD,O,O,U-FOOD,O,O,O,O,O,O,O,U-FOOD,O,O,O,U-FOOD,O,O,O,O,O,O,O,U-FOOD,O,O,O,O"
"Add the sausage meat (discarding the casings if need be).","O,O,U-FOOD,O,O,O,O,O,O,O,O,O,O"
"Add the sifted flour, the nutmeg and a pinch of salt into a bowl.","O,O,O,U-FOOD,O,O,U-FOOD,O,O,O,O,U-FOOD,O,O,O,O"
"Add the smoked sausage for the last 15 minutes of cooking time.","O,O,O,U-FOOD,O,O,O,O,O,O,O,O,O"
"Add the softened-up butter to the XL bowl and mix thoroughly.","O,O,O,O,O,U-FOOD,O,O,O,O,O,O,O,O"
"Add the spices, salt and/or sauce of your choosing.","O,O,U-FOOD,O,U-FOOD,O,O,O,O,O,O"
"Add the stock and a splash of soy sauce, turn up the gas and bring to a boil","O,O,O,O,O,O,O,B-FOOD,L-FOOD,O,O,O,O,O,O,O,O,O,O"
"Add the stock.","O,O,O,O"
"Add the stock, remaining Holy Trinity, seasoning mix, Worcestershire, and the garlic.","O,O,O,O,O,B-FOOD,L-FOOD,O,O,O,O,U-FOOD,O,O,O,U-FOOD,O"
"Add the strained pasta to the mushroom sauce and stir to coat the pasta completely.","O,O,O,U-FOOD,O,O,U-FOOD,O,O,O,O,O,O,U-FOOD,O,O"
"Add the sugar.","O,O,U-FOOD,O"
"Add the tahini to the food processor.","O,O,U-FOOD,O,O,O,O,O"
"Add the tofu and stir-fry for 4 minutes.","O,O,U-FOOD,O,O,O,O,O,O,O,O"
"Add the tofu, lower the gas, and braise for around 15 mins","O,O,U-FOOD,O,O,O,O,O,O,O,O,O,O,O"
"Add the tomato, 1/2 cup of water, bring to a boil and simmer for 5 minutes.","O,O,U-FOOD,O,O,O,O,U-FOOD,O,O,O,O,O,O,O,O,O,O,O"
"Add the tomatoes and Herbes de Provence.","O,O,U-FOOD,O,B-FOOD,I-FOOD,L-FOOD,O"
"Add the tomatoes, ginger and garlic paste and saute for another 3 min.","O,O,U-FOOD,O,U-FOOD,O,U-FOOD,O,O,O,O,O,O,O,O"
"Add the tomato, full carrot, and onion.","O,O,U-FOOD,O,O,U-FOOD,O,O,U-FOOD,O"
"Add the tomato paste and beef stock.","O,O,U-FOOD,O,O,B-FOOD,L-FOOD,O"
"Add the tomato paste and stir it around for 1 minute.","O,O,U-FOOD,O,O,O,O,O,O,O,O,O"
"Add the tomato paste, stir to blend, and cook for a minute longer.","O,O,U-FOOD,O,O,O,O,O,O,O,O,O,O,O,O,O"
"Add the tomato purée and cook for another minute.","O,O,U-FOOD,O,O,O,O,O,O,O"
"Add the tomato purée, dry fenugreek leaves, and let it cook for about 15 minutes.","O,O,U-FOOD,O,O,O,U-FOOD,O,O,O,O,O,O,O,O,O,O,O"
"Add the tomato sauce and cook for another minute.","O,O,U-FOOD,O,O,O,O,O,O,O"
"Add the tomato sauce, diced tomatoes, sweet corn, beans, and rice.","O,O,U-FOOD,O,O,O,U-FOOD,O,B-FOOD,L-FOOD,O,U-FOOD,O,O,U-FOOD,O"
"Add the tomato sauce to the pot and stir","O,O,U-FOOD,O,O,O,O,O,O"
"Add the turnips and carrots, and cook on low/medium heat for 45 minutes.","O,O,U-FOOD,O,U-FOOD,O,O,O,O,O,O,O,O,O,O,O,O"
"Add the vareniki in batches and cook until they float to the surface, about 3 minutes.","O,O,U-FOOD,O,O,O,O,O,O,O,O,O,O,O,O,O,O,O"
"Add the white wine and let it boil for a few minutes.","O,O,B-FOOD,L-FOOD,O,O,O,O,O,O,O,O,O"
"Add the whole eggs and the coconut oil.","O,O,O,U-FOOD,O,O,B-FOOD,L-FOOD,O"
"Add the wine or the cognac. Cook until the chicken is well cooked.","O,O,U-FOOD,O,O,B-FOOD,L-FOOD,O,O,O,U-FOOD,O,O,O,O"
"Add thin béchamel layer to bottom of casserole dish and assemble as follows: half pasta, all the meat sauce, 2nd half of pasta, rest of béchamel and cheese.","O,O,U-FOOD,O,O,O,O,O,O,O,O,O,O,O,O,U-FOOD,O,O,O,O,O,O,O,O,O,U-FOOD,O,O,O,U-FOOD,O,U-FOOD,O"
"Add this to the pan and brown.","O,O,O,O,O,O,O,O"
"Add thyme, bay leaves, cloves, juniper berries","O,U-FOOD,O,B-FOOD,L-FOOD,O,U-FOOD,O,B-FOOD,L-FOOD"
"Add tinned tomatoes, oregano, sugar and a pinch of salt and pepper to the pot.","O,O,U-FOOD,O,U-FOOD,O,U-FOOD,O,O,O,O,U-FOOD,O,U-FOOD,O,O,O,O"
"Add to bowl.","O,O,O,O"
"Add to lentils.","O,O,U-FOOD,O"
"Add to mashed potatoes.","O,O,O,U-FOOD,O"
"Add tomatoes and lentils.","O,U-FOOD,O,U-FOOD,O"
"Add tomatoes","O,U-FOOD"
"Add tomatoes, water, beans, oregano, cumin, chilli powder, beer and salt, gradually bring to boil.","O,U-FOOD,O,U-FOOD,O,U-FOOD,O,U-FOOD,O,U-FOOD,O,B-FOOD,L-FOOD,O,U-FOOD,O,U-FOOD,O,O,O,O,O,O"
"Add tomato paste and chilies to the pan, mix until rice is coated add water if needed.","O,U-FOOD,O,O,U-FOOD,O,O,O,O,O,O,U-FOOD,O,O,O,U-FOOD,O,O,O"
"Add tomato paste, sauce, and the pasta water.","O,B-FOOD,L-FOOD,O,U-FOOD,O,O,O,U-FOOD,U-FOOD,O"
"Add tomato paste to vegetables and let brown.","O,U-FOOD,O,O,O,O,O,O,O"
"Add tomato puree, salt, and chili powder.","O,U-FOOD,O,O,U-FOOD,O,O,B-FOOD,L-FOOD,O"
"Add tomato sauce, tomato concentrate, sugar, salt, pepper, thyme/rosemary, oregano and basil to the mixture.","O,B-FOOD,L-FOOD,O,U-FOOD,O,O,U-FOOD,O,U-FOOD,O,U-FOOD,O,B-FOOD,I-FOOD,L-FOOD,O,U-FOOD,O,U-FOOD,O,O,O,O"
"Add to meat to thicken sauce.","O,O,O,O,O,O,O"
"Add tortellini in.","O,U-FOOD,O,O"
"Add to this sauce the sauce that was formed in the dish of the steaks.","O,O,O,O,O,O,O,O,O,O,O,O,O,O,U-FOOD,O"
"Add to vegetables and simmer for about 5 minutes or until fish flakes easily","O,O,O,O,O,O,O,O,O,O,O,U-FOOD,O,O"
"Add twice as much liquid to the same pot.","O,O,O,O,O,O,O,O,O,O"
"Add vegetables and heat.","O,U-FOOD,O,O,O"
"Add veggies and sauce mixture to the pan with chicken.","O,U-FOOD,O,O,O,O,O,O,O,U-FOOD,O"
"Add warm potatoes and stir to combine.","O,O,U-FOOD,O,O,O,O,O"
"add water from the soup and mix by warming","O,U-FOOD,O,O,O,O,O,O,O"
"Add water, if needed, so that the eggs are covered.","O,U-FOOD,O,O,O,O,O,O,O,U-FOOD,O,O,O"
"Add water to flour mixture and blend in, followed by sour cream mixture.","O,U-FOOD,O,U-FOOD,O,O,O,O,O,O,O,B-FOOD,L-FOOD,O,O"
"Add white beans, broth, and black pepper,","O,B-FOOD,L-FOOD,O,U-FOOD,O,O,B-FOOD,L-FOOD,O"
"Add white coverture chocolate and macadamia and mix evenly with spatula.","O,O,O,U-FOOD,O,U-FOOD,O,O,O,O,O,O"
"add white parts of green onion and ginger","O,O,O,O,B-FOOD,L-FOOD,O,U-FOOD"
"Add white sugar, brown sugar and salt and mix with a whisk","O,B-FOOD,L-FOOD,O,B-FOOD,L-FOOD,O,U-FOOD,O,O,O,O,O"
"Add whole peeled tomatoes and some water (or stock).","O,O,O,U-FOOD,O,O,U-FOOD,O,O,O,O,O"
"Add wine","O,U-FOOD"
"Add Worchestershire sauce and the dijon mustard to taste.","O,B-FOOD,L-FOOD,O,O,B-FOOD,L-FOOD,O,O,O"
"Add yogurt, half the parsley, sugar, lemon zest and juice to a small bowl.","O,U-FOOD,O,O,O,U-FOOD,O,U-FOOD,O,U-FOOD,O,O,O,O,O,O,O,O"
"Add your baked beans to a pot set to medium.","O,O,B-FOOD,L-FOOD,O,O,O,O,O,O,O"
"Add your canned and peeled tomatoes and use your spoon to break them up, you don't have to be too thorough since they will soften up while the sauce cooks.","O,O,O,O,O,U-FOOD,O,O,O,O,O,O,O,O,O,O,O,O,O,O,O,O,O,O,O,O,O,O,O,O,O,O,O"
"Add your clove and if you have it the syrup.","O,O,U-FOOD,O,O,O,O,O,O,O,O"
"Add your crushed tomatoes, together with some salt and pepper, increase the heat to medium and let simmer for 10-15 minutes or until it looks nicely thickened.","O,O,O,U-FOOD,O,O,O,O,U-FOOD,O,U-FOOD,O,O,O,O,O,O,O,O,O,O,O,O,O,O,O,O,O,O,O,O,O"
"Add your desired amount of curry powder to the frying chicken.","O,O,O,O,O,B-FOOD,L-FOOD,O,O,O,U-FOOD,O"
"Add your mix to the pan on high heat.","O,O,O,O,O,O,O,O,O,O"
"Add your mushrooms to the same pan.","O,O,U-FOOD,O,O,O,O,O"
"Add your pasta noodles.","O,O,B-FOOD,L-FOOD,O"
"Add your root vegetables now, along with your bayleaf, salt and lots of pepper.","O,O,B-FOOD,L-FOOD,O,O,O,O,O,U-FOOD,O,U-FOOD,O,O,O,U-FOOD,O"
"Add your scoby to the jar and seal the mouth tightly with a cloth or paper","O,O,U-FOOD,O,O,O,O,O,O,O,O,O,O,O,O,O"
"Add your tomato soup, 1/4 Cup of ketchup and mustard (each).","O,O,U-FOOD,O,O,O,O,O,U-FOOD,O,U-FOOD,O,O,O,O"
"add zucchini or bok choy, cook al dente","O,U-FOOD,O,B-FOOD,L-FOOD,O,O,O,O"
"Adjust amounts depending on how much is needed.","O,O,O,O,O,O,O,O,O"
"Adjust salt, garnish with the coriander leaves.","O,U-FOOD,O,U-FOOD,O,O,B-FOOD,L-FOOD,O"
"Adjust seasonings and serve.","O,O,O,O,O"
"Adjust the stove to lowest heat","O,O,O,O,O,O"
"After 10 minutes of rest, steam it during 20 minutes.","O,O,O,O,O,O,O,O,O,O,O,O"
"After 20 minutes of boiling, drain the garbanzo beans and their skins in a mesh strainer, then rinse for at least 30 seconds with cold water to remove any lingering taste from the baking soda.","O,O,O,O,O,O,O,O,B-FOOD,L-FOOD,O,O,O,O,O,O,O,O,O,O,O,O,O,O,O,O,O,U-FOOD,O,O,O,O,O,O,O,B-FOOD,L-FOOD,O"
"After 2 hours the stew will be a bit thicker but probably still watery.","O,O,O,O,O,O,O,O,O,O,O,O,O,O,O"
"After 2 min or bubbly remove from heat","O,O,O,O,O,O,O,O"
"After 30 minutes take the dish out of the oven and reheat the oven as per instructions on the ciabatta bread.","O,O,O,O,O,O,O,O,O,O,O,O,O,O,O,O,O,O,O,B-FOOD,L-FOOD,O"
"After 30 minutes take the dish out of the oven.","O,O,O,O,O,O,O,O,O,O,O"
"After 3-5 minutes it's done.","O,O,O,O,O,O,O,O,O"
"After 3 days, divide the dough into 8 to 10 pieces of equal weight on a work surface dusted with flour.","O,O,O,O,O,O,O,O,O,O,O,O,O,O,O,O,O,O,O,O,O,U-FOOD,O"
"After 3 minutes add honey, soy sauce,","O,O,O,O,U-FOOD,O,B-FOOD,L-FOOD,O"
"After 45 minutes, add the zucchini, potatoes and chickpeas.","O,O,O,O,O,O,U-FOOD,O,U-FOOD,O,U-FOOD,O"
"After 8 hours, shred pork using 2 forks and combine with juices.","O,O,O,O,O,U-FOOD,O,O,O,O,O,O,O,O"
"After about 15 minutes of frying the potatoes, add the onions and beef to the","O,O,O,O,O,O,O,U-FOOD,O,O,O,U-FOOD,O,U-FOOD,O,O"
"After about four minutes (or when the tops of the eggs start to set), take out eggs and place on top of bed of onions & Tabasco.","O,O,O,O,O,O,O,O,O,O,O,U-FOOD,O,O,O,O,O,O,O,U-FOOD,O,O,O,O,O,O,O,U-FOOD,O,U-FOOD,O"
"After a couple of minutes add the ground beef to the pan, salt it and mix it","O,O,O,O,O,O,O,O,U-FOOD,O,O,O,O,U-FOOD,O,O,O,O"
"After a few minutes when they are soft and are around the same color, then add in the onion and garlic from the smaller pan.","O,O,O,O,O,O,O,O,O,O,O,O,O,O,O,O,O,O,O,U-FOOD,O,U-FOOD,O,O,O,O,O"
"After baking, brush the top with butter and cut it into four pieces and serve.","O,O,O,O,O,O,O,U-FOOD,O,O,O,O,O,O,O,O,O"
"After baking leave it to rest for a few minutes, then serve while it's still warm.","O,O,O,O,O,O,O,O,O,O,O,O,O,O,O,O,O,O,O"
"After cooking, remove it from the oven and let it sits while it cools down.","O,O,O,O,O,O,O,O,O,O,O,O,O,O,O,O,O"
"After five minutes are over, turn off the heat and incrementally add sugar to your preference.","O,O,O,O,O,O,O,O,O,O,O,O,O,U-FOOD,O,O,O,O"
"After frying the bacon, set aside and use the bacon grease to fry the","O,O,O,U-FOOD,O,O,O,O,O,O,U-FOOD,O,O,O,O"
"After half an hour, vent your pressure cooker, remove the lid, and put the cooker back on low heat","O,O,O,O,O,O,O,O,O,O,O,O,O,O,O,O,O,O,O,O,O,O"
"After it dries up at around 30-35 mins put the temperature to High (6-7) without the lid","O,O,O,O,O,O,O,O,O,O,O,O,O,O,O,O,O,O,O,O,O,O,O"
"After lentils have cooked about 8 minutes, add onion chard mixture, along with diced potatoes and zucchini to the boiling water.","O,U-FOOD,O,O,O,O,O,O,O,U-FOOD,U-FOOD,O,O,O,O,O,U-FOOD,O,U-FOOD,O,O,O,U-FOOD,O"
"After onions are thoroughly caramelized and there are no more liquid ingredients to add, pour in 64oz beef broth and 2-3 Bay leaves.","O,U-FOOD,O,O,O,O,O,O,O,O,O,O,O,O,O,O,O,O,O,U-FOOD,O,O,O,O,O,B-FOOD,L-FOOD,O"
"After removing the pot from the heat, remove the bay leaf and immersion blend pot until you reach a desired consistency.","O,O,O,O,O,O,O,O,O,O,B-FOOD,L-FOOD,O,O,O,O,O,O,O,O,O,O,O"
"After some time a vinegarish liquid forms on top of the starter.","O,O,O,O,O,O,O,O,O,O,O,O,O"
"After steaming, let it rest during 5 minutes without uncover it.","O,O,O,O,O,O,O,O,O,O,O,O,O"
"After that put plums (without the water) and rest of the ingredients into blender and mix it until you're satisfied.","O,O,O,U-FOOD,O,O,O,O,O,O,O,O,O,O,O,O,O,O,O,O,O,O,O,O"
"After that start ladling in the stock bit by bit stirring constantly for about 20-30 minutes (depending on the brand of rice used), until the rice is cooked but has a slight bite to it.","O,O,O,O,O,O,O,O,O,O,O,O,O,O,O,O,O,O,O,O,O,O,O,O,U-FOOD,O,O,O,O,O,U-FOOD,O,O,O,O,O,O,O,O,O,O"
"After that, stir every so often, Be careful with the stirring; if you stir too often, it might caramelize too quickly.","O,O,O,O,O,O,O,O,O,O,O,O,O,O,O,O,O,O,O,O,O,O,O,O,O,O"
"After the 5 mins timer is up, add the overfilled tablespoon creme cheese to the main mix, stir, then re-add lid.","O,O,O,O,O,O,O,O,O,O,O,O,B-FOOD,L-FOOD,O,O,O,O,O,O,O,O,O,O,O,O,O"
"After the infusion is completed, create a simple syrup by boiling the water and dissolving the sugar in the water","O,O,O,O,O,O,O,O,O,O,O,O,O,U-FOOD,O,O,O,U-FOOD,O,O,U-FOOD"
"After the meat sears, add the diced onions.","O,O,O,O,O,O,O,O,U-FOOD,O"
"After the soup is done boiling run it through a fine sieve.","O,O,O,O,O,O,O,O,O,O,O,O,O"
"After those two hours, add the diced chives and simmer it for more thirty minutes.","O,O,O,O,O,O,O,O,U-FOOD,O,O,O,O,O,O,O,O"
"After two to two and a half hours, your syrup should be nearly done.","O,O,O,O,O,O,O,O,O,O,O,O,O,O,O,O"
"A good way to test the viscosity is to drop a little bit on a cold plate or on your countertop to see how it is at room temperature.","O,O,O,O,O,O,O,O,O,O,O,O,O,O,O,O,O,O,O,O,O,O,O,O,O,O,O,O,O,O"
"Allow 30 minutes to 1 hour in the refrigerator until the dough hardens.","O,O,O,O,O,O,O,O,O,O,O,O,O,O"
"Allow chicken to marinade for at least an hour.","O,U-FOOD,O,O,O,O,O,O,O,O"
"Allow it to cool; combine with egg yolks, stirring occasionally.","O,O,O,O,O,O,O,U-FOOD,O,O,O,O,O"
"Allow it to simmer on low heat for 2 hours mixing every so often.","O,O,O,O,O,O,O,O,O,O,O,O,O,O,O"
"Allow the mushrooms to release their moisture; once the moisture has been boiled away take the mushrooms out of pan to cool.","O,O,U-FOOD,O,O,O,O,O,O,O,O,O,O,O,O,O,O,U-FOOD,O,O,O,O,O,O"
"Allow the water to cool completely, then strain the alcohol into the sugar water and stir","O,O,U-FOOD,O,O,O,O,O,O,O,U-FOOD,O,O,B-FOOD,L-FOOD,O,O"
"Allow to boil for 5 or so min.","O,O,O,O,O,O,O,O,O"
"Allow to cook for 2-3 minutes and either flip the pancake, or move under a broiler to cook the top for another 2-3 minutes.","O,O,O,O,O,O,O,O,O,O,O,O,O,O,O,O,O,O,O,O,O,O,O,O,O,O,O,O,O,O"
"Allow to cool, and serve warm or at room temperature.","O,O,O,O,O,O,O,O,O,O,O,O"
"Allow tofu to soak in sauce for a few minutes.","O,U-FOOD,O,O,O,O,O,O,O,O,O"
"Allow to rest for 10 minutes before carving.","O,O,O,O,O,O,O,O,O"
"Allow water to leave the meat.","O,U-FOOD,O,O,O,O,O"
"Also have 1 cup of hot water ready.","O,O,O,O,O,O,U-FOOD,O,O"
"Alternatively, grate the apple.","O,O,O,O,U-FOOD,O"
"Alternatively you can use fresh or creamed spinach.","O,O,O,O,O,O,O,U-FOOD,O"
"aluminum foil), then 20 minutes uncovered.","O,O,O,O,O,O,O,O,O"
"A minute or two before the macaroni are done, add the shredded cheese into the pot. It should appear a bit too runny in the pot. While cooling it will increase in viscosity quite a bit. If the final texture is not creamy enough, it is most likely due to using the wrong cheese.","O,O,O,O,O,O,U-FOOD,O,O,O,O,O,O,U-FOOD,O,O,O,O,O,O,O,O,O,O,O,O,O,O,O,O,O,O,O,O,O,O,O,O,O,O,O,O,O,O,O,O,O,O,O,O,O,O,O,O,O,O,O,O,U-FOOD,O"
"An active starter will float.","O,O,O,O,O,O"
"And that's it.","O,O,O,O,O"
"Arrange the apple slices over the jam.","O,O,U-FOOD,O,O,O,U-FOOD,O"
"At the very last second add the parsley, to preserve its freshness. Adjust the seasoning to taste if necessary.","O,O,O,O,O,O,O,U-FOOD,O,O,O,O,O,O,O,O,O,O,O,O,O,O"
"Bake 45 minutes at 350°F or until the crust is brown to your liking and the apples are bubbling inside","O,O,O,O,O,O,O,O,O,O,O,O,O,O,O,O,O,O,U-FOOD,O,O,O"
"Bake for around 40 minutes at 180°C (360° F).","O,O,O,O,O,O,O,O,O,O,O,O,O,O,O"
"Coat the chicken in corn flour, dip it in egg and finally coat with seasoned all purpose-flour.","O,O,U-FOOD,O,B-FOOD,L-FOOD,O,O,O,O,U-FOOD,O,O,O,O,O,B-FOOD,I-FOOD,I-FOOD,L-FOOD,O"
"Cook in the oven for 40 min.","O,O,O,O,O,O,O,O"
"Cook scrambled eggs. Don't forget the salt.","O,O,B-FOOD,L-FOOD,O,O,O,O,U-FOOD,O"
"Cook some rice and set aside. White short-grain is best but other types will do as long as it's not starchy. Don't use arborio or sushi rice.","O,O,U-FOOD,O,O,O,O,O,O,O,O,O,O,O,O,O,O,O,O,O,O,O,O,O,O,O,O,O,O,O,O,O,U-FOOD,O"
"Cook the rice. If it is yesterday's rice better, preferably without salt.","O,O,B-FOOD,L-FOOD,O,O,O,O,O,U-FOOD,O,O,O,O,O,O"
"Cover the peppers with aluminum and cook in the oven for 1h30min.","O,O,U-FOOD,O,O,O,O,O,O,O,O,O,O"
"Cover the pie filling with the top dough and fold over and tuck in the excess crust","O,O,O,O,O,O,O,O,O,O,O,O,O,O,O,O,O"
"Cover with powdered sugar.","O,O,O,U-FOOD,O"
"Cut a few slits in the top crust with a knife to give it a nice design and allow for air to release","O,O,O,O,O,O,O,O,O,O,O,O,O,O,O,O,O,O,O,O,O,O,O"
"Cut onions into half-rings and let them sweat in the same pot. Add some butter if your bacon was not fatty enough.","O,U-FOOD,O,O,O,O,O,O,O,O,O,O,O,O,O,O,O,U-FOOD,O,O,U-FOOD,O,O,O,O,O"
"Cut the chicken into bite sized pieces.","O,O,U-FOOD,O,O,O,O,O"
"Cut the chicken into pieces and fry it. Don't forget the salt.","O,O,U-FOOD,O,O,O,O,O,O,O,O,O,O,U-FOOD,O"
"Cut the dough in half and roll both halves out with a rolling pin until they are big enough to cover your pie pan (around 9 inch diameter)","O,O,O,O,O,O,O,O,O,O,O,O,O,O,O,O,O,O,O,O,O,O,O,O,O,O,O,O,O,O"
"Cut the welsh onion and bell pepper into small squares.","O,O,B-FOOD,L-FOOD,O,B-FOOD,L-FOOD,O,O,O,O"
"Cut tiny pieces of butter and arrange them over the apple slices.","O,O,O,O,U-FOOD,O,O,O,O,O,U-FOOD,O,O"
"Dump the sauce pan full of the filling into the pie pan and even it out","O,O,O,O,O,O,O,O,O,O,O,O,O,O,O,O"
"Empty the peppers and remove the seeds.","O,O,U-FOOD,O,O,O,O,O"
"Enjoy.","O,O"
"Finely slice or mince the garlic and finely chop the parsley.","O,O,O,O,O,U-FOOD,O,O,O,O,U-FOOD,O"
"Fry bacon cubes in pot (this pot will be used for everything so choose an appropriately large one).","O,U-FOOD,O,O,O,O,O,O,O,O,O,O,O,O,O,O,O,O,O,O,O"
"Fry until chicken is cooked and has a nice golden-brownish coating.","O,O,U-FOOD,O,O,O,O,O,O,O,O,O,O,O"
"Heat a good amount of oil on a pan to fry the chicken in. The oil should be hot enough so that the chicken sizzles when placed in the pan. You may want to do this in a couple of batches depending on the size of your pan.","O,O,O,O,O,U-FOOD,O,O,O,O,O,O,U-FOOD,O,O,O,U-FOOD,O,O,O,O,O,O,O,U-FOOD,O,O,O,O,O,O,O,O,O,O,O,O,O,O,O,O,O,O,O,O,O,O,O,O,O,O"
"Heat a large skillet on medium-high heat, start cooking the pasta.","O,O,O,O,O,O,O,O,O,O,O,O,O,U-FOOD,O"
"Heat the oven to 200C and prepare an oven tray.","O,O,O,O,O,O,O,O,O,O,O"
"Heat the oven to 200C.","O,O,O,O,O"
"If everything is salty, you can reduce it with just a teaspoon of sugar, especially if you cook the rice with salt.","O,O,O,O,O,O,O,O,O,O,O,O,O,O,U-FOOD,O,O,O,O,O,O,U-FOOD,O,U-FOOD,O"
"If necessary, add more water while it’s boiling.","O,O,O,O,O,U-FOOD,O,O,O,O,O"
"If you are using lemon juice or rice, add them to each serving according to your preference.","O,O,O,O,B-FOOD,L-FOOD,O,U-FOOD,O,O,O,O,O,O,O,O,O,O,O"
"In a pot, heat some oil on low heat and add in the onions. Saute until translucent.","O,O,O,O,O,O,U-FOOD,O,O,O,O,O,O,O,B-FOOD,L-FOOD,O,O,O,O"
"In a saucepan, boil the kidney beans with the pig's ear, sausages, pork belly, onions, garlic and bay leaf in some water and add a well-washed stone. Season with the olive oil and salt and pepper to taste.","O,O,O,O,O,O,B-FOOD,L-FOOD,O,O,B-FOOD,I-FOOD,L-FOOD,O,U-FOOD,O,B-FOOD,L-FOOD,O,U-FOOD,O,U-FOOD,O,B-FOOD,L-FOOD,O,O,U-FOOD,O,O,O,O,O,O,O,O,O,O,O,B-FOOD,L-FOOD,O,U-FOOD,O,U-FOOD,O,O,O"
"Leave some for tomorrow. It always tastes better the next day.","O,O,O,O,O,O,O,O,O,O,O,O,O"
"Let the potatoes cook on medium to high heat for about 30-35 minutes.","O,O,U-FOOD,O,O,O,O,O,O,O,O,O,O,O,O,O"
"Let the sauce bubble for one or two minutes and you're done.","O,O,O,O,O,O,O,O,O,O,O,O,O,O"
"Meanwhile¸saute the onions, garlic and last, the meat.","O,O,U-FOOD,O,U-FOOD,O,O,O,O,U-FOOD,O"
"Mix everything over low heat, adding soy sauce.","O,O,O,O,O,O,O,B-FOOD,L-FOOD,O"
"Mix the chicken with nuez moscada, salt and pepper.","O,O,U-FOOD,O,B-FOOD,L-FOOD,O,U-FOOD,O,U-FOOD,O"
"Mix with fresh tomato soup.","O,O,O,U-FOOD,O,O"
"Now add the drained pasta with some of the cooking water to the skillet and toss vigorously. The starch in the pasta water will help the sauce emulsify and get it to the right consistency.","O,O,O,O,U-FOOD,O,O,O,O,O,U-FOOD,O,O,O,O,O,O,O,O,O,O,O,U-FOOD,U-FOOD,O,O,O,O,O,O,O,O,O,O,O,O,O"
"Once the meat is cooked, take it out and reserve, then add the diced potatoes and cilantro to the pot.","O,O,O,O,O,O,O,O,O,O,O,O,O,O,O,O,U-FOOD,O,U-FOOD,O,O,O,O"
"Once the potatoes are well cooked, you can remove the pot from the heat, add the previously chopped meat back in and stir it well.","O,O,U-FOOD,O,O,O,O,O,O,O,O,O,O,O,O,O,O,O,O,O,O,O,O,O,O,O,O,O"
"Optional: Add bacon, sesame oil.","O,O,O,U-FOOD,O,B-FOOD,L-FOOD,O"
"Optionally: Instead of bechamel you can use sour cream.","O,O,O,O,U-FOOD,O,O,O,B-FOOD,L-FOOD,O"
"Optionally: (Not traditional!) Add the bechamel a couple of minutes before the time is up and finish cooking in the oven.","O,O,O,O,O,O,O,O,O,U-FOOD,O,O,O,O,O,O,O,O,O,O,O,O,O,O,O,O"
"Optionally you can now brush on the egg wash to make the crust get a shiny golden brown color when it cooks","O,O,O,O,O,O,O,U-FOOD,O,O,O,O,O,O,O,O,O,O,O,O,O,O"
"Peel and cut the apples in thin slices.","O,O,O,O,U-FOOD,O,O,O,O"
"Peel and cut the apples into 1-2 inch strips","O,O,O,O,U-FOOD,O,O,O,O,O,O"
"Peel potatoes and cut them into ~1 cm/half inch cubes.","O,U-FOOD,O,O,O,O,O,O,O,O,O,O,O"
"Place all-purpose flour in a shallow bowl. Mix in garlic powder as well as salt and pepper, 1/2 tsp each.","O,B-FOOD,I-FOOD,I-FOOD,L-FOOD,O,O,O,O,O,O,O,B-FOOD,L-FOOD,O,O,O,U-FOOD,O,U-FOOD,O,O,O,O,O"
"Place lightly beaten egg in another shallow bowl.","O,O,O,U-FOOD,O,O,O,O,O"
"Pour into bowls and serve.","O,O,O,O,O,O"
"Pour out excess oil, put the sauce in and mix to coat the chicken. Or place the chicken in a bowl with kitchen towels and do another batch.","O,O,O,U-FOOD,O,O,O,O,O,O,O,O,O,O,B-FOOD,L-FOOD,O,O,O,U-FOOD,O,O,O,O,O,O,O,O,O,O,O"
"Preheat oven to 350°F then start making the pie crust","O,O,O,O,O,O,O,O,O,O,O,O"
"Prepare the sauce by mixing the ingredients together in a bowl.","O,O,O,O,O,O,O,O,O,O,O,O"
"Prepare the stock, possibly the day before, by boiling fish and fish bones in a tall stock pot on medium heat for 1-2 hours. It's customary to have loose chunks of fish in the soup so you can boil the fish and separate the meat as it starts to cook. As an example, the head, tail, skin and spine from the anglerfish fillet recipe were used to make stock, then half a fillet and meat that separated from the offal became part of the soup.","O,O,O,O,O,O,O,O,O,O,O,U-FOOD,O,U-FOOD,O,O,O,O,O,O,O,O,O,O,O,O,O,O,O,O,O,O,O,O,O,O,O,U-FOOD,O,O,O,O,O,O,O,O,U-FOOD,O,O,O,O,O,O,O,O,O,O,O,O,O,O,O,O,O,O,O,O,O,O,O,O,U-FOOD,O,O,O,O,O,O,O,O,O,O,O,O,O,O,O,O,O,O,O,O,O,O,O,O,O"
"Put the apples in a bowl and mix in the lemon juice, sugar, cinnamon, nutmeg, and cornstarch and let it sit for 15 mins to release water","O,O,U-FOOD,O,O,O,O,O,O,O,U-FOOD,O,O,U-FOOD,O,U-FOOD,O,U-FOOD,O,O,U-FOOD,O,O,O,O,O,O,O,O,O,O"
"Put the bottom half dough into the pie pan and cut off the excess dough with a knife","O,O,O,O,O,O,O,O,O,O,O,O,O,O,O,O,O,O"
"Put the chicken in the oven tray.","O,O,U-FOOD,O,O,O,O,O"
"Put the chicken, onions and apple in the oven tray.","O,O,U-FOOD,O,U-FOOD,O,U-FOOD,O,O,O,O,O"
"Remove the center of the apples, fill with nuez moscada and butter.","O,O,O,O,O,U-FOOD,O,O,O,B-FOOD,L-FOOD,O,U-FOOD,O"
"Roll out the puff pastry with a rolling pin.","O,O,O,B-FOOD,L-FOOD,O,O,O,O,O"
"Roll the puff pastry edges over, overlapping them.","O,O,B-FOOD,L-FOOD,O,O,O,O,O,O"
"Run the food processor until it resembles a coarse sand (5-10 seconds) then start dripping in the ice water until the mixture starts to chunk together","O,O,O,O,O,O,O,O,O,O,O,O,O,O,O,O,O,O,O,O,O,B-FOOD,L-FOOD,O,O,O,O,O,O,O"
"Season to taste. (Needs quite a bit of salt). Nutmeg also works well here.","O,O,O,O,O,O,O,O,O,O,U-FOOD,O,O,U-FOOD,O,O,O,O,O"
"Serve with apple sauce. Should be eaten together, not as a dessert.","O,O,B-FOOD,I-FOOD,L-FOOD,O,O,O,O,O,O,O,O,O,O"
"Serve with boiled rice.","O,O,O,U-FOOD,O"
"Shred your cheese.","O,O,U-FOOD,O"
"Slice the top to the peppers and place them in the oven tray, you may need to slice the bottom a litte bit to make them stand together. (Hint: Put the peppers inside a pan over the oven tray).","O,O,O,O,O,U-FOOD,O,O,O,O,O,O,O,O,O,O,O,O,O,O,O,O,O,O,O,O,O,O,O,O,O,O,O,O,O,U-FOOD,O,O,O,O,O,O,O,O,O"
"Spread the jam over the puff pastry with a spoon.","O,O,U-FOOD,O,O,B-FOOD,L-FOOD,O,O,O,O"
"Sprinkle with cinnamon and breadcrumbs.","O,O,U-FOOD,O,U-FOOD,O"
"Take the fish out to be served separately. They are traditionally served topped with olive oil and a squeeze of lemon with steamed vegetables.","O,O,U-FOOD,O,O,O,O,O,O,O,O,O,O,O,O,B-FOOD,L-FOOD,O,O,O,O,U-FOOD,O,B-FOOD,L-FOOD,O"
"Top everything with milk and let the potatoes cook for about 10 minutes.","O,O,O,U-FOOD,O,O,O,U-FOOD,O,O,O,O,O,O"
"Transfer the filling mixture to a sauce pan and reduce the liquid over medium to low heat for around 15 mins, stirring regularly, then turn off the gas","O,O,O,O,O,O,O,O,O,O,O,O,O,O,O,O,O,O,O,O,O,O,O,O,O,O,O,O,O,O"
"Use a fork or your fingers to pinch down the top crust to the bottom crust so you don't have air gaps","O,O,O,O,O,O,O,O,O,O,O,O,O,O,O,O,O,O,O,O,O,O,O"
"When the onions have become sufficiently cooked, add potatoes.","O,O,U-FOOD,O,O,O,O,O,O,U-FOOD,O"
"When the pasta has finished cooking, drain it, and reserve at least around a cup of the cooking water.","O,O,U-FOOD,O,O,O,O,O,O,O,O,O,O,O,O,O,O,O,O,O,U-FOOD,O"
"When the peppers are finished, remove the aluminum, fill the peppers with the mix and cook in the oven for another 45 minutes.","O,O,U-FOOD,O,O,O,O,O,O,O,O,O,U-FOOD,O,O,O,O,O,O,O,O,O,O,O,O,O"
"While the chicken is the oven prepare mushed potatoes. First you boil them until they are soft (keep the skin on). Once they are soft, peel them. Then mush them with a fork and add milk or creme fraiche.","O,O,U-FOOD,O,O,O,O,O,B-FOOD,L-FOOD,O,O,O,O,O,O,O,O,O,O,O,O,O,O,O,O,O,O,O,O,O,O,O,O,O,O,O,O,O,O,O,U-FOOD,O,B-FOOD,L-FOOD,O"
"While the filling is sitting / reducing, start the crust by putting the flour, salt, sugar, and pieces of butter in a food processor","O,O,O,O,O,O,O,O,O,O,O,O,O,O,U-FOOD,O,U-FOOD,O,U-FOOD,O,O,O,O,U-FOOD,O,O,O,O"
"You'll know when it's done if you can pinch the dough with your hand and it sticks together","O,O,O,O,O,O,O,O,O,O,O,O,O,O,O,O,O,O,O,O"
